feature,importance
url_length,0.07654939798613151
domain_length,0.02131297466289191
path_length,0.008196110883508832
query_length,0.00029102635125685195
num_dots,0.045787347744071435
num_hyphens,0.006346501156338302
num_underscores,0.0
num_slashes,0.03812833509810641
num_question_marks,0.0007527348323885356
num_equals,0.0
num_at,0.0013164030154708365
num_ampersand,0.0
num_percent,0.0
has_ip_address,0.0
has_port,0.0
has_subdomain,0.022564502494216536
subdomain_level,0.043343173359201674
double_slash_in_path,0.0002688860435339307
http_in_domain,0.0
https_token,0.0
num_query_params,0.0
has_suspicious_params,0.0
domain_has_numbers,0.0004605150859389421
domain_has_hyphens,0.002290217433535271
domain_entropy,0.004814825225511723
tld_length,0.012158296616420098
domain_token_count,0.005423782841698429
subdomain_length,0.0032821108914627964
is_suspicious_tld,0.0
subdomain_count,0.0010251999600133597
ssl_valid,0.002053759085377354
ssl_age_days,0.06287408060541694
ssl_expiry_days,0.0140605007844887
ssl_lifetime_days,0.02328487483043004
ssl_recently_created,0.0024493534449564398
ssl_expires_soon,0.0015591731057408014
ssl_long_validity,0.00024870466321243526
ssl_issuer_trusted,0.01351717344449701
has_dns_record,9.8081023454158e-05
num_dns_records,0.0006413021074262063
has_mx_record,0.12062459311256306
num_ns_records,0.13181565874789097
domain_age_days,0.0
domain_expires_days,0.0
whois_privacy,0.0
domain_recently_registered,0.0
page_title_length,0.007499808292321245
num_links,0.029349223080103334
num_external_links,0.029581311250037726
external_link_ratio,0.006137978062030936
has_forms,0.00245847317645171
num_forms,0.0028516188174425258
num_input_fields,0.0035717683051563025
has_password_field,0.0
num_images,0.006657575480168123
num_scripts,0.01119834720871178
has_iframes,0.0010460522148069142
page_size_kb,0.013559386272870545
num_redirects,0.0648734279612275
final_url_different,0.08588131099421296
redirect_to_different_domain,0.06779412224730702
