url,label
https://live.com,0
https://courierguy-thedelivery-southafrica.pages.dev/pag1_files/saved_resource(2).html/,1
https://zoom.com,0
http://incident.netaccess-management.com/education_redirect_second/8c5781c2-7b1e-4035-b1d7-990e269e5380,1
https://reportess.wki7tfz.cn/jp,1
https://foxnews.com,0
https://docs.google.com/drawings/d/1eJpv8WGyZu14WP5PpTaULXa8-6Jsrc2m7BPgSELODQg/edit,1
http://175.167.180.202:36899/i,1
https://barbottin.planning-lockers.com/as.php,1
https://docs.google.com/drawings/d/1zELxglCCMWEJwGKrzfnWvAOrcvPyT3kGO7W4Ln5TxGs/edit,1
http://alpenblack.net/mirai.x86,1
https://web.whatsapp.com,0
https://allegro-lokalnie.pl-oferta322352532.icu/,1
https://pickup-frclients.com/,1
https://washington.edu,0
https://docs.google.com/drawings/d/1nX3ack20QnRCmQfE4y092uOBE42Ts-fEo7lRugHJz1c/edit,1
https://beta.twirlpane.ru/gura4vc0,1
http://222.137.22.178:35843/bin.sh,1
https://docs.google.com/drawings/d/1phVQTxNY7VLmKcOW12NR668t_3q_mYt_L87_jHh-mis/edit,1
http://125.47.218.22:53301/i,1
https://jt5.twirl-pane.ru/ry7b6zcp,1
https://web.facebook.com,0
https://oreilly.com,0
https://docs.google.com/document/d/1NUjr3_gYYKVom3_JOXfxl6I_gSUk6yR825X4lgX8VD0/edit,1
http://49.70.151.117:18311/i,1
https://hqo7.con8ratgr2de.ru/0r9mtnca,1
https://subbwollet.gitbook.io/us/,1
http://123.14.250.229:57836/bin.sh,1
https://xysyfqx.cn/Login/,1
http://144.172.108.238/nuts/x86,1
https://ducon.sms-pickupclients.com/,1
http://allegrolokalnie.pl-oferta9034301-ipad-pro-13-m4-wifi-cellular.sbs,1
http://158.94.210.44/lmao.sh,1
https://infosppl.com/,1
https://docs.google.com/drawings/d/1PCDGwJYQ_5VWRokKm5ttGUTquv9YYQ-4sgQ0fA-XQMA/edit,1
https://bet73018.com/sport/115/,1
http://182.117.90.201:46464/bin.sh,1
http://postbackstat.biz/update,1
https://did.li/fI9aa,1
http://27.213.143.1:60040/bin.sh,1
https://docs.google.com/drawings/d/1_rlx4tCwOQ-aHfCKTXZ3D27gKmbOEvotQSYTcYs9pBo/edit,1
https://gov-australia-center.com/pages/login.php,1
https://odoo.com,0
https://youronlinechoices.com,0
https://tagfoodsolution.com/index.php?jivsbsdnoo=x@x.com,1
https://allegrolokalnie.pl-4917382596.cfd/oferta/swietny-ekspres-philips-lattego-5400/kwdoP8L7IS0Z89jDZu?fbclid=IwY2xjawOgdnZleHRuA2FlbQIxMABicmlkETFmSU5EY0g4RU5rc0lSdWJnc3J0YwZhcHBfaWQQMjIyMDM5MTc4ODIwMDg5MgABHrgH5uVe0mv5-o89awsG1AvuCJQCEc0IWpMLTgR-zkIsxOoRc0yQJUgNFbrz_aem_fGyzOvZT3Kwv-oRFmgy_Aw,1
https://corfuseafish.com/jp#,1
http://allegro.pl-76432257753222577652777.sbs,1
https://usatoday.com,0
https://rbfcu-star.azurewebsites.net/(S(wjccbgfhes15kj1jgl2zriid))/Main/Login,1
https://scientificamerican.com,0
https://chinaboma.com/?token=0Cstf8E8wLDW8Fk0,1
https://bls.gov,0
http://41.216.189.163/bins/Labelloperc80.mpsl,1
http://104.168.0.133/J/chilee.ps1,1
https://oracle.com,0
https://rnondial-relay-fr.com/as.php,1
https://flowcode.com/p/pzUzX0AQ?fc=0,1
https://flamita.click/,1
https://did.li/x53rl,1
http://213.209.143.176/mips,1
https://27.fr1zzlepit.ru/ghyrpxrd,1
http://110.37.76.189:40035/bin.sh,1
http://allegro.1521.click/,1
https://griont665.shop/.xyzindex/user/register/invite_code/BPYKVN.html,1
http://113.231.218.146:53808/bin.sh,1
https://roblox.com.ml/users/9678738308/profile,1
http://108.170.151.197:58415/bin.sh,1
https://registrate-aqui3.webcindario.com/?fbclid=IwY2xjawOlh2tleHRuA2FlbQIxMABicmlkETFrUm8zd1ptZjYyTnl5WEd0c3J0YwZhcHBfaWQPNTQxNjM5NDkzODg5MDI1AAEexNI6SDsEHbxZV-N0-M4gjoC1U7fPWk1uQ-xSV9MuBvM6HvVSafRSZF7jHY0_aem_aijgfTeWx2T0KKgZz1IFVA,1
https://courierguy-thedelivery-southafrica.pages.dev/pag1_files/saved_resource(4).html/,1
https://163.com,0
http://222.141.10.32:57156/bin.sh,1
https://mtlmmvzs.com%E2%88%95nfdvwrs%E2%88%95jmkdlez%E2%88%95tdblfaaeh%E2%88%95mcitp%E2%88%95ferwgv@mhutg.cn/,1
https://sunshi.me/gatway/check.php?r=,1
https://accoun.obkcbcp.top,1
https://canada.ca,0
https://www.bet365365cc.com/,1
http://allegro.pl-oferta73578990.rest,1
https://linktr.ee,0
https://service-upsonlline.com/,1
https://docs.google.com/drawings/d/19SEPEtuMCnk0f43ICWItv1mv4PFI19Z-2ONN7DAqc60/edit,1
https://www.b45060.com/,1
https://dsgpsfa.cn/Login,1
https://wrightpattcadgers.weebly.com/,1
http://185.163.204.28:5570/PhSep30zip/1ysutt.bat,1
https://store.workshopmodrelease.com/sharedfiles/filesdetails/mac-10_poison_revenge/,1
https://eventbrite.com,0
https://sedo.com,0
http://94.198.54.73/1150101/115%E5%8B%9E%E5%B7%A5%E8%AB%8B%E5%81%87%E8%A6%8F%E5%89%87%E4%BF%AE%E6%AD%A3%E5%85%AC%E5%91%8A_1150101.docx.lnk,1
https://ietf.org,0
https://mon-espace-suivi.info/,1
http://59.180.191.147:55519/bin.sh,1
https://secureapgfcv.weebly.com/,1
https://alarebeibaakmzz.wixstudio.com/arabe,1
https://instagram.com,0
https://clientspickup-fr.com/as.php,1
https://fb.watch,0
https://amazonaws.com,0
http://117.209.83.99:50155/bin.sh,1
https://allegro.pl-oferta63230169.sbs,1
https://seur.com-nys.vip/es,1
https://mrelay.infos-fr.com/as.php,1
http://www.kucoeeinlgoine.godaddysites.com/,1
https://peoeieiew.sirv.com/D01A4774.txt,1
http://61.52.218.175:49757/bin.sh,1
https://did.li/90LgT,1
https://wordpress-1559564-6049434.cloudwaysapps.com/wsd/auth/log.php,1
https://ox.ac.uk,0
https://allegrolokalnie.pl-oferta-7940917277.shop/?id=gn406B51CeMC8MJoKMhJfM2a0AhAD8,1
https://matterport.com,0
http://110.37.121.204:52923/bin.sh,1
https://safety.google,0
https://bing.com,0
http://41.216.189.163/bins/Labelloperc80.ppc,1
https://did.li/-Mizrahi-tefahot-co-il-,1
http://219.155.210.179:44140/bin.sh,1
https://peljyjq.cn/Login/,1
https://csmeifengji.com/QTeuUe,1
https://jsoay.axiona.cfd/pbhsx,1
https://businesswire.com,0
https://roblox.com.ge/users/9354820502/profile,1
https://techcrunch.com,0
http://54.160.193.50/bins/miraint.ppc,1
https://allegrolokalnie.pl-oferta198175351.icu/?id=Rkf8uiNYNp3f0dQJOmgxpRIM&amp;frontend=dane,1
https://docs.google.com/drawings/d/1qCJrN57pga7JdXzz8iUbyZXXQbPaq6x7c4BTuGLYSAQ/edit,1
https://docs.google.com/drawings/d/1RF8XhghDDHihrHyzvdon8rPKHVsRksqeTVbDwXGCbDM/edit,1
https://irbcna580.icu/dilmkaz7/qyNSug/kteOwy,1
https://kucoeeinlgoine.godaddysites.com/,1
https://kuccoinl0giin.godaddysites.com/,1
http://45.153.34.209/bins/m68k,1
https://docs.google.com/drawings/d/1T61BWB_MQ1-EyByy2WWgXZCm_ux-wGyvFXnS1NLK2C0/edit,1
https://smbic.net/co.jp,1
https://hrithik9661.github.io/Amazon-frontpage/,1
https://taobao.com,0
https://meramsckxtnsn.gitbook.io/us/,1
https://tgbzdo693.icu/dilmkaz7/qyNSug/kteOwy,1
https://cxnetcom.com/?token=1u3UyJjtFruBv5GX,1
https://forms.gle,0
https://docs.google.com/drawings/d/1qsVEkqitQAVU4upU_H6PBB8F0TWq9Ses0XsDqmvDNeQ/edit,1
https://docs.google.com/drawings/d/1TiHjYJZr_gQVkkH9Qh7pMwgRHX545LObHVCzuxShsMo/edit,1
https://apache.org,0
https://mssfues.cn/Login/,1
https://psychologytoday.com,0
https://docs.google.com/drawings/d/1a3tcaj6zMTXAdll49Az3KKu_g_TtEhV2pszf2WIaue4/edit,1
https://wjxseo.com/?token=TsRS4Ta6OVbhI40o,1
https://allegrolokalnie.oferty-12774-dla-ciebie-proponowana.icu,1
http://163.142.95.240:47005/i,1
https://docs.google.com/drawings/d/1QSBHPl6tpb-h2xAEKPAWArPimCpfUBp9QrsNce_jj0U/edit,1
https://nypost.com,0
https://accounts.nintendo-japan-burton.cfd/even/co.jp,1
https://firefox.com,0
http://110.37.48.58:43605/i,1
https://colwkpo.cn/Login,1
https://railconetapp.com/g/80742571,1
http://b45042.com/egame/160,1
https://jp.linevoteg1z1.pics/art?id=5931c386,1
http://217.64.135.181:35080/bin.sh,1
https://stackoverflow.com,0
http://182.116.52.162:36826/bin.sh,1
http://110.37.76.189:40035/i,1
https://springer.com,0
https://jximedia.com/fr/gta.php,1
https://youku.com,0
https://roblox.com.ly/communities/5024353694/,1
http://182.113.3.99:35047/i,1
http://45.153.34.209/bins/sh4,1
http://222.134.162.94:52559/bin.sh,1
https://www.ncbi.nlm.nih.gov,0
https://resourceful-taxonomy-389291.framer.app/,1
http://allegro.pl-kategorie8491247682451.cfd,1
https://google.co.uk,0
http://117.204.166.58:54829/bin.sh,1
https://docs.google.com/drawings/d/11TVx31qGjOIHslpbTnRLoQgRws0yat_gaXLh3lNREDQ/edit,1
https://trezor-suite-start-auth.typedream.app/,1
https://penfoxxmilestudio.wixstudio.com/neww,1
http://45.153.34.209/bins/arm6,1
https://rbfcu-star.azurewebsites.net/(S(hqqm3munompvxdigjmsjplpj))/Main/Login,1
https://faq.tapegz.cn/login/?login=s5Nq3oRGQGAuWl4vV6amWK5I,1
https://netflix.com,0
https://docs.google.com/drawings/d/1zyiRfvkdVKYsYXronjafAI4-pbcOiCfqOdqLNmBSP3g/edit,1
https://f005.backblazeb2.com/file/myjjoissheree/mtsprofileupdate1.html,1
http://110.39.229.159:59400/bin.sh,1
https://docs.google.com/drawings/d/1Gja85205w99k-G_RJIQdSTTqALoEBtze3HF6aALpKjo/edit,1
https://wikihow.com,0
https://www.promericasvv.cc/sv,1
https://docs.google.com/drawings/d/1Pd6xUAhFO5Mp9mPnmk1Wa1haF7SAlpODsZkeI3aJZ-U/edit,1
https://questa.cfd/indexco.jp,1
https://wvqogxagyg.com%E2%88%95hepokYaE%E2%88%95JbKiPcQR%E2%88%95OGTESuo%E2%88%95cNAkhFIigz%E2%88%95JPwcCH@czctncz.tauruqbi.cn/,1
https://fortune.com,0
https://un.org,0
https://xgyhtrn.cn/Login/,1
http://42.7.238.72:46731/bin.sh,1
https://rbfcu-star.azurewebsites.net/(S(p2xqc4bniyp024eem3tzr1p2))/Main/Login,1
https://docs.google.com/drawings/d/1KZTQ3HvttxfNNjunZ0vauX8bTQcQ2YOrkLsfLKj9A3Q/edit,1
http://213.209.143.176/sparc,1
http://182.121.92.85:47918/bin.sh,1
https://www.robiox.com.in/users/1043751489/profile,1
https://sevrin.oceanpath.ru/y2ep9a55,1
https://allegrolokalnie.pl-74914.icu,1
https://wallet-eigenlayerr.gitbook.io/us/,1
http://185.163.204.28:5570/PhSep30bat/Phsep30.bat,1
http://42.230.217.34:36270/bin.sh,1
https://tumblr.com,0
https://elegantthemes.com,0
https://booking.confirmationid-836171.com/p/233859395,1
https://ssrn.com,0
https://nps.gov,0
http://219.155.229.178:46010/i,1
http://bet73018.com/egame/24,1
https://roblox.com.py/users/3156477192/profile,1
https://headabovetherim.com/orange/orange02/9d92b2abde357e1/login.php/,1
https://docs.google.com/drawings/d/1fx_tRunxVM3uT1uh8-zATgR1o6LIZ_YF4i-ux9mQwpo/edit,1
https://docs.google.com/presentation/d/e/2PACX-1vSviUUprmy21eoITWdwP-3C0hesRJov6PJhmyNss5TmD_65nQP75CfYOh5cQj_o2Dz4QB1jLwhaH28K/pub?start=false&amp;loop=false&amp;delayms=3000,1
https://nouveau-point-relais.com/as.php,1
https://etsy.com,0
http://41.216.189.163/bins/Labelloperc80.arm7,1
http://xnczwaidux.lovestoblog.com/arquivo_20251208201957.txt,1
https://hilton.com,0
https://uci.edu,0
http://allegro.pl-kategorie748196488251.cfd,1
https://rfc-editor.org,0
https://researchgate.net,0
https://indeed.com,0
https://fastcompany.com,0
http://b45042.com/fish/61,1
http://117.253.226.6:39636/i,1
https://roblox.gs/games/99567941238278/Ink-Game?privateServerLinkCode=90631813262730331057510286960013,1
http://hostedevents.073202.com/education_redirect_second?8c5781c2-7b1e-4035-b1d7-990e269e5380,1
http://www.roblox.com.py/users/8378501365/profile/,1
http://allegrolokalnie.pl-oferta91185129.sbs,1
https://intuit.com,0
https://hrexpertautorepair.com/redirect/,1
https://docs.google.com/drawings/d/1sXykx8Pd-B1iWkWblUlVv2Qe9IC_38qbtzgggqpcOBo/edit,1
https://docs.google.com/drawings/d/1aRZYWMBr5-jjNggyXSgYfEcpbg7_whiohexQ0Q-JmFQ/edit,1
http://iqtkt.com/u/login.php?lang=hu,1
https://s-bd4dca-i.sgizmo.com/s3/i-5MqBAMHzazvDU9W3eR-8448516/?sguid=5MqBAMHzazvDU9W3eR,1
https://ndosgodzcc.com%E2%88%95fqfkqqp%E2%88%95wdquouts%E2%88%95ygdqg@xgcdk.cn/,1
https://ledger.recovery.5930217.com/,1
https://www.roblox.com.ml/communities/8147696810/Superior-Tyrantz,1
http://182.121.133.63:45092/bin.sh,1
http://175.151.67.94:55779/bin.sh,1
http://196.189.97.114:46012/bin.sh,1
https://uaqhi.cypres.cfd/gkq43,1
http://b45042.com/lottery/21,1
https://cpanel.net,0
http://193.24.123.68:3001/gfdsgsdfhfsd_ghsfdgsfdgsdfg.sh,1
http://vibrant-assistant-154379.framer.app/,1
https://etthereumwaltit.webflow.io/,1
https://www.infosppl.com/help,1
https://api.whatsapp.com,0
https://cnn.com,0
https://formulario-registro2025.cr-web.workers.dev,1
https://eu.com,0
https://dsgpsfa.cn/Login/,1
https://mps.gov.cn,0
https://rinsiya.github.io/Netflix/,1
https://HWVQB.cypres.cfd/gkq43,1
https://allegrolokalnie.pl-firmowe-77339.sbs,1
http://45.153.34.209/bins/arm7,1
http://raiffasenb.ru/mirai.x86,1
https://docs.google.com/drawings/d/1u_8JzHIEMlIpbSBH4t0aQwr8gwY0-QsD5xm9uZ29XHo/edit,1
https://docs.google.com/drawings/d/1akp5iOEH3hT9FMidWMYIkMlwZQgtG-9sjLXGhgIJPhw/edit,1
https://sms-impayevinci.com/,1
http://185.163.204.28:5570/PhSep30bat/joo.bat,1
https://bilibili.com,0
https://accounts.nintendo-japan-burton.cfd/even/co.jp/,1
https://ed.gov,0
https://txklzc.top/gatway/check.php?r=,1
http://124.94.68.10:41972/bin.sh,1
https://magenta-tenets-857917.framer.app/,1
https://promportal.info/jump.php?url=https://shorturl.at/p6SdA?H4383VN437B378MHM744M48VM3T8VTNVV7V828T4MHVV2VVT4H38M4V3VVH884CVNB53VV28VTV5387CV4MH,1
https://zorple.cfd/indexco.jp,1
https://wa.link,0
https://rbfcu-star.azurewebsites.net/(S(an0ntagagfwc52infexosaqe))/Main/Login,1
https://medium.com,0
https://telegram.me,0
https://elftcbm.cn/Login/,1
https://docs.google.com/drawings/d/1vawt35BX64TsIjNA0QHnbdj_zHw1LyUAI0UInEOI3Ak/edit,1
https://n1.fr-1-zzlepit.ru/l3kmlp2w,1
http://182.117.126.21:52609/bin.sh,1
http://180.76.141.175:8090/02.08.2022.exe,1
http://221.13.178.202:42089/i,1
https://typeform.com,0
https://docs.google.com/document/d/1uUJHTIp40uqawRo0MOelAizKA3AskpuvHtI_g2Ekciw,1
https://souma-g.heteml.net/hinet-net-tw-web-mail/csg2000-hinet-net/webmail-hinet-net-mailService/hinet-net-mail/M_main_2_move_mail-hinet_net/,1
https://gc.ca,0
https://dentehotenstvi.cz/?amp;zoneid=1931&amp;source=&amp;dest=https://triumphant-approach-030134.framer.app/,1
http://27.215.86.6:50900/i,1
https://googleusercontent.com,0
https://docs.google.com/drawings/d/13Y0zf_0ii0uvrHmxh2P8vnrl26_Ze0wDvKqOJQm3Uck/edit,1
https://home-exo-dus-en.netlify.app,1
https://trazorewallet.webflow.io/,1
http://42.232.228.41:48457/bin.sh,1
https://did.li/-Leumi-Bank-il,1
https://lvgseguranca.com.br/wp-content/we/83773922.html,1
https://uniswap-avve.netlify.app/,1
http://posb-singapore-trasct-backend-server.cloud-ip.cc/,1
https://qr-codes.io/orm7qU,1
https://allegrolokalnie.pl-oferta-2356727.cfd,1
http://allegrolokalnie.65oj4ldv.sbs,1
https://disqus.com,0
http://42.231.202.152:53551/bin.sh,1
https://tantantatan.com/QTeuUe,1
https://openssl.org,0
https://goodreads.com,0
https://get-now-helpsnet.com/,1
https://ahfozfl.cn/Login/,1
http://61.53.85.3:44521/i,1
http://42.233.145.219:37735/bin.sh,1
https://mhvygkm.cn/Login/,1
http://54.160.193.50/bins/miraint.arm7,1
https://candidat.hosted.phplist.com/,1
https://aptos-web-git-chore-shows-the-staking-token-website.pancake.run/pools/history/,1
https://dx.doi.org,0
https://agreed-approve-directories-ppc.trycloudflare.com/,1
http://54.160.193.50/bins/mirai.mips,1
https://did.li/Leumi-Login-co-il,1
https://courierguy-thedelivery-southafrica.pages.dev/pag1_files/pag1_files/saved_resource(4).html/,1
http://allegrolokalne.plsd2bgflstasa43cgk.icu,1
http://117.205.84.249:37667/bin.sh,1
https://jotform.com,0
https://yidlvyv.cn/Login,1
https://www.ntflx-cuentas.com/captcha,1
https://vibrant-assistant-154379.framer.app/,1
https://shikhu127-bit.github.io/Netflixclone1/,1
https://allegrolokalnie.pl-oferta73578990.rest,1
http://whatsapp-htaz.art/,1
https://docs.google.com/drawings/d/17NiIj1JGxz9mmggseD5wK2PVurp6kxtFFc1YiFPdt18/edit,1
https://climbwest.com.au/oktii/servicio.html,1
https://gitachampions.com/.well-known/acme-challenge/jago/index.php,1
http://113.231.247.182:35709/bin.sh,1
https://webmd.com,0
https://support.mozilla.org,0
https://docs.google.com/drawings/d/1AZkhzGGvcejPXbQPi35IstKvtw3r-rkUJ_0T3xet2ic/edit,1
http://94.156.152.6/bins/x86,1
https://ducon.clientspickup-sms.com/,1
http://115.56.67.177:39943/bin.sh,1
https://hussain.sms-pickupclients.com/,1
https://nytimes.com,0
https://productbnk-tech.github.io/my-web/,1
https://allegro.784847.click/cdn-cgi/phish-bypass?atok=4JDKYKjogIkbcFw.WODYXzNITqd1JKy5JBFkf3NAgu0-1763327630.0857818-0.0.1.1-%2F&amp;original_path=%2F&amp;cf-turnstile-response=,1
https://redirection-colis.com/captcha.php,1
http://iman227.com/,1
https://roblox.com.ge/users/1298085270/profile,1
https://apnews.com,0
http://115.52.22.70:59769/bin.sh,1
https://miscload.com/v/288262201764863,1
http://222.139.47.222:42645/bin.sh,1
https://excellentorganicshop.com/count/temp/time/?zonealldom=aaaa@example.jp,1
https://peoeieiew.sirv.com/6098886D.txt,1
https://docs.google.com,0
https://upload.wikimedia.org,0
https://docs.google.com/drawings/d/1UgXWPDv44zW4jqjprwSfrX4tzayo_h7mdUSEIWoInzM/edit,1
https://rbfcu-star.azurewebsites.net/(S(zetedhdqm0imh4hs4aatsgs4))/Main/Login,1
https://healthline.com,0
http://113.231.218.146:53808/i,1
https://www.jotform.com/app/253386503514153,1
https://steampowered.com,0
https://t.co/j1Lq7fFd0c,1
https://megafeirao.github.io/solicitar-atendimento/inicio/,1
https://readthedocs.io,0
https://jstor.org,0
https://docs.google.com/drawings/d/1AMej_gYIPTld1rp7RnZrMEg5Pe7bJJ5u3UKkvgJ-beI/edit,1
https://4o6i.mashvortex.ru/95hqkf5c,1
https://slot123.jp.net/1.1.1.1_update.exe,1
http://118.232.137.101:51366/bin.sh,1
https://bindappin.com/v/288262201764863,1
https://issuu.com,0
https://docs.google.com/drawings/d/1IVVHHQk-Avdj3NYd0lSFB-_sEnTaE-F1u3GB0Q96Exo/edit,1
https://docs.google.com/drawings/d/1y7B6jHkhVg967r28JTyZ3d6O01JlkE5hqtWFqAbbJ3Q/edit,1
https://cam.ac.uk,0
https://reddit.com,0
https://business.site,0
https://mailauthenticationteam.weebly.com/,1
https://sharepoint.com,0
https://temp.mexicanfibers.mx/wp-admin/server../renew/,1
https://bluebikinis.cl/goha/wxiBgOzm.exe,1
https://myaccracity.com/plala.or.jp/plala.or.jp/,1
https://docs.google.com/drawings/d/1CHU8iJSjBarOMjgOPSEVzY_NimEUIcKK139uJf7xlTw/edit,1
https://bvzocsh.cn/Login,1
http://120.84.215.152:50159/i,1
https://docs.google.com/drawings/d/1vjoF8SqWLMBetG48pPA10080lBOT-ba5zTMCDWU0R7E/edit,1
https://wp.com,0
https://kleonixzone.cfd/indexco.jp,1
https://tko.swa.mybluehost.me/DHL-UK/track/track.php,1
https://wrightpattcucooop.weebly.com/,1
https://docs.google.com/drawings/d/1-gqG3yS7krem7rsHbrOTZTWv1m9aVN88SV4mqkowWhc/edit,1
https://docs.google.com/drawings/d/1iZS6uQID_o58XljsXSBrvz9zWQEQeZ63aFQ2XkuC5ww/edit,1
https://yahoo.com,0
https://ipfs.io/ipfs/bafybeielk62toivswjg5inihpku5bxg63ud3lsharmkvoffmr7ppsoclfa/,1
https://docs.google.com/forms/d/e/1FAIpQLSe7i_H0lV9Qh_ZUfyXfITgaNgZd51JkTTwwM0D96n14-ti6Tw/viewform?usp=send_form,1
https://scholar.google.com,0
http://196.190.11.194:51066/i,1
http://196.188.80.3:53952/i,1
https://docs.google.com/drawings/d/1qZa6jDYruQNVAb3F7CTd0-e4JtckOcuEG3PxP4zBTcg/edit,1
http://areariservata-hypesella.com/,1
https://docs.google.com/drawings/d/1NsqL-QcVol9lWdXtrzC8K2TiVUwZy0unwwIRsR8jza8/edit,1
https://debian.org,0
https://goo.su/KHiyd#x@x.com,1
http://91.92.243.183/slovsdih/armv4l,1
http://221.13.249.9:46881/i,1
https://securepayu.com,1
http://60.22.204.80:58230/i,1
https://workspaceupdates.googleblog.com,0
https://aboutcookies.org,0
https://emailverification.co.za/pdf-view/1.php?email=x@x.com,1
https://allegrolokalnie.34862323.icu,1
https://discord.com,0
https://swifstx.cfd/indexco.jp,1
https://metmaskgir.gitbook.io/us/,1
https://allegro.82673020.pl/cdn-cgi/phish-bypass?atok=Z9rSHFi5H42SP3EUEMDHjWX19ajSHBdW._VKWHcBbX8-1763338405.5525868-0.0.1.1-%2F&amp;original_path=%2F&amp;cf-turnstile-response=,1
https://loteriacaixaoficial.sbs/,1
https://CMDGH.cypres.cfd/,1
http://allegrolokalnie.oferta-146624-dla-ciebie-proponowana.icu,1
http://213.209.143.176/mipsel,1
https://docs.google.com/drawings/d/16heiSVVUuvklqJqpYnDb_FkGyJH1tijAjZkuEiKk03I/edit,1
http://allegro.86845.icu,1
https://rcbzw.cypres.cfd/gatway/check.php?r=,1
https://ozkillikvincgaleri.com.tr/wp-includes/ar24/,1
https://verlix.cfd/indexco.jp,1
https://docs.google.com/drawings/d/1dpatPvo4GIOu9H6ercRpHQIYr1J-tpD2VdaQ-5sRE9s/edit,1
http://213.209.143.115/i686,1
https://loteriascaixa.sbs/,1
https://formulario-registro2025.cr-web.workers.dev/servicios,1
http://175.165.110.8:39587/i,1
https://trenzologin.gitbook.io/us/,1
https://florina.today/,1
https://docs.google.com/drawings/d/1jUtUzS6qfJR95B1ZWAqbWlHi9YA5tchZDPhWC3LQCs4/edit,1
https://tencent.com,0
http://185.234.174.42:8081/sshd,1
http://61.53.85.3:44521/bin.sh,1
http://221.13.249.9:46881/bin.sh,1
https://akmeninsaat.com/?token=lwM8Bs95VDxZUa9A,1
https://unesco.org,0
https://news.google.com,0
https://rbfcu-star.azurewebsites.net/(S(0byveuh2brtxpop5vv2nu5qd))/Main/Login,1
http://42.226.67.7:60294/bin.sh,1
https://attyahoomail-servicescomms.weeblysite.com/,1
https://uchicago.edu,0
https://policies.google.com,0
https://techtarget.com,0
https://giphy.com,0
https://mailcn.getmyjewelry.top:2443/CookieAuth.dll?GetLogon?curl=Z2Fowa&reason=0&formdir=1,1
http://125.41.6.76:48530/i,1
http://1.181.227.38:58723/bin.sh,1
http://41.216.189.163/bins/Labelloperc80.spc,1
http://42.227.200.185:55905/bin.sh,1
https://moonnightdeveloper.github.io/Netflix-Clone/,1
http://125.41.137.242:45256/i,1
https://mysql.com,0
http://178.16.55.189/files/6281589603/Xw7S79t.exe,1
http://bpkornik.webd.pro/rOPxtfVfCtS20.bin,1
https://www.miricanvas.com/v2/design2/v/f9ed4b1b-3fb5-413a-b11b-67a0adf581c0,1
https://badge-center.com/,1
https://hcmevaluation.securefilestorage.net/education_redirect_second/8c5781c2-7b1e-4035-b1d7-990e269e5380,1
http://115.50.64.214:54663/bin.sh,1
https://sites.google.com,0
http://84.51.90.24:56193/i,1
http://b45042.com/sport/18,1
https://wrightpattcuissues.weebly.com/,1
https://att-bonus.com.mx/splash/,1
https://dell.com,0
http://222.136.108.13:39926/bin.sh,1
https://launchpad.net,0
https://cmbclcx.cn/Login/,1
https://play.google.com,0
https://mon-espace-suivi.info/index.php,1
http://allegrolokalnie.plsd2bgflhtswlks01xk.icu,1
http://allegro.34862323.icu/,1
http://allegrolokalnie.pl-749154.icu,1
https://jhu.edu,0
http://47.113.191.98:8011/02.08.2022.exe,1
https://access-rogersclient.im/pages/?d=rogers&amp;p=index,1
https://stripe.com,0
https://bvzocsh.cn/Login/,1
https://wecvrfyidtty.weebly.com/,1
http://117.209.83.99:50155/i,1
http://104.168.0.133/J/BIG7.ps1,1
https://docs.google.com/drawings/d/193d1DdxspPmLL-TO8X-CmYqds0UcU3AupV_RIHh7Tuo/edit,1
https://secure-metmaskio-eng.framer.ai/,1
http://igotaxrefund.invoicescollections.com/education_redirect_second?8c5781c2-7b1e-4035-b1d7-990e269e5380,1
https://flickr.com,0
http://182.116.52.162:36826/i,1
http://185.163.204.28:5570/Sep01lnk.zip,1
https://go.id,0
https://ukextreme.github.io/Netflix-Clone/,1
https://impayevinci-sms.com/,1
http://bananbrain.com/,1
https://ozkillikvincgaleri.com.tr/wp-includes/ar24,1
https://columbia.edu,0
http://61.52.218.175:49757/i,1
https://resolutiondapps.pages.dev/wallet.html/wallet.html/,1
https://sriltqc.cn/Login,1
https://verlta.cfd/indexco.jp,1
https://sagepub.com,0
http://realyono.lakhokmao.com/,1
https://pewresearch.org,0
https://ubuntu.com,0
https://help-lagerliveedonald.gitbook.io/us/,1
https://eihedhg.cn/Login,1
https://metalogln.created.app/,1
http://39.97.229.220:8007/httd,1
https://astar-degens-testing.webflow.io/,1
https://docs.google.com/drawings/d/19QQwqVq07yW6wr1yYqw5tMNfTEOcs1I2KdzqrLaVL7g/edit,1
https://dev-affan.github.io/Amazon/,1
https://sina.com.cn,0
https://azurewebsites.net,0
https://triboz.com.br/Mac/index.php,1
https://pixabay.com,0
https://kuiconlogin.godaddysites.com/,1
https://ufnrmw858.lat/dilmkaz7/qyNSug/kteOwy,1
https://metamsk-login.created.app/,1
https://amazon.cqzs.shop/h5/,1
https://zxf.zmk.mybluehost.me/wp-content/tabsan/NRD/,1
https://docs.google.com/drawings/d/16uhHjZrcxPi3Z6QSPvDQrc3vxZr8xllkIGuDosLKKMg/edit,1
https://en-coinbssecom-auth.framer.ai/,1
https://jimdo.com,0
http://41.216.189.163/bins/Labelloperc80.sh4,1
https://docs.google.com/drawings/d/1zhcunpZqBPhcDun2jhd-BLHaVsEdhK7NwrEu3t9Q5NM/edit,1
https://docs.google.com/drawings/d/1KIlzSjIMbNCzGEfK2HeCX0-onpydhW9EKrKPPot6WG0/edit,1
https://top.nationalsdeliverysolutions.com/?submissionGuid=b9dbe209-1cb8-452f-b4a0-5e986e22224e,1
https://office.com,0
https://lqukvjy.cn/Login/,1
https://outlook.office.com,0
https://plus.google.com,0
https://courierguy-thedelivery-southafrica.pages.dev/pag1_files/pag1_files/saved_resource(2).html/,1
http://185.163.204.28:5570/PhSep30zip/PhSep30Mainrq.zip,1
http://42.232.228.41:48457/i,1
https://hbbgglb.cn/Login/,1
https://ovhcloud.com,0
https://janatalamani.ae/credicoop/crediklon/empresa.html,1
http://124.94.68.10:41972/i,1
http://115.49.79.30:53431/bin.sh,1
https://w.soundcloud.com,0
https://letsencrypt.org,0
http://222.137.12.195:58025/bin.sh,1
https://jenish7005.github.io/netflixclone/,1
http://41.216.189.163/bins/Labelloperc80.x86,1
https://clear.akmei5mh0t.ru/3k63nqcj,1
https://research-opinions.com/index.php/survey/index/sid/237228/newtest/Y/lang/en/token/CA25458981,1
http://112.238.195.49:53133/bin.sh,1
https://bit.ly,0
https://docs.google.com/drawings/d/1k4WvxBr4JC_x81EyyyGLmGfr9Ekgmo5VOFbRDZd684o/edit,1
https://www.fr-mrelay.com/,1
http://196.189.97.114:46012/i,1
http://125.44.253.208:54890/i,1
https://booking.aprvres-rooms.com/p/214720317,1
https://ico.org.uk,0
https://telstraverificatoionservicesofcommunication.framer.website,1
https://buzzfeed.com,0
https://managewebappscreuceapkjghkjredsudrtyhdsrfs.shangchi4.biz.id/?yyy,1
https://amzn.to,0
https://user.fm/files/v2-2d0c33dafee70d0f37f577731ed41dad/DOCUMENT.html/,1
http://54.160.193.50/bins/mirai.ppc,1
https://trouduc.planning-lockers.com/as.php,1
https://wpguardian.com,0
https://jfdmarv.cn/Login,1
https://jahs.vercel.app,1
https://apps.apple.com,0
https://docs.google.com/drawings/d/1MQTQwk1kFuk0vPr-9Ay_06IhEICT6GjBWOlEl2pSLYI/edit,1
https://online-treexorloghin.gitbook.io/us/,1
http://allegrolokalnie.oferty-13474-dla-ciebie-proponowana.icu,1
https://docs.google.com/drawings/d/1QRo1Kg8Q3gW0Vdv4AW9l62R15XMr69dE0xD_g0FXdZA/edit,1
https://wa.me,0
http://178.16.55.189/files/7799503374/WroFzGB.exe,1
https://m.facebook.com,0
https://eepurl.com,0
https://manttamssk.gitbook.io/us/,1
https://psu.edu,0
https://smboc.net/co.jp,1
https://docs.google.com/drawings/d/1h3T7klV0sWy6yQQrSPvd1Lx-ZwQN2b8OlyoUx3wWuL8/edit,1
https://docs.google.com/drawings/d/14zYHuc4UHbZthykCPP7RhBzwbWtqsRDrrpG3-Gdcqt4/edit,1
https://nist.gov,0
https://nginx.org,0
https://italia-brt-it.icu/login?token=jP4dO9eA6bK7gK8u,1
http://103.185.237.2:18042/i,1
https://docs.google.com/drawings/d/10hEy6fHg9dusweb0yIrecOkkoJ6PsTt0YQ224FcWH5E/edit,1
https://rbfcu-star.azurewebsites.net/(S(5d05b2t0cb2mfmkemcw15fyn))/Main/Login,1
https://allegro.74648.me/cdn-cgi/phish-bypass?atok=jwMF.zS50Zq.BoFIA5dHBvMlFMXrS0.7C1h5CzqETHc-1763327620.9639523-0.0.1.1-%2F&amp;original_path=%2F&amp;cf-turnstile-response=,1
https://wsj.com,0
http://175.147.156.254:37696/i,1
https://imgur.com,0
https://moodle.org,0
https://networkadvertising.org,0
https://bandcamp.com,0
http://94.156.152.6/bins/mips,1
https://docs.google.com/drawings/d/14lHOofbRMpA2cqFBTA-S3IDhEdMsRv5ytL2uf-ygZyM/edit,1
https://ntflx-cuentas.com/captcha,1
https://www.apsom.org/Client-built.exe,1
https://impayeulys-sms.com/,1
http://175.147.156.254:37696/bin.sh,1
https://theatlantic.com,0
https://office365.com,0
https://silangduo.com/Wa0xRUMnKNe0LL/2YjAsP15D9SGAz/ByhHbO5PvyrwRKM.jpg/,1
https://courierguy-thedelivery-southafrica.pages.dev/pag1_files/saved_resource(3).html/,1
http://180.76.141.175:443/02.08.2022.exe,1
https://lynn-oldesonharmonious.sellfy.store/,1
https://geocities.com,0
http://allegrolokalnie.oferta2384591.click,1
https://redhat.com,0
https://zoom.us,0
https://sehvooc.cn/Login/,1
https://mdpi.com,0
https://in.net,0
https://theguardian.com,0
https://l.wl.co/l?u=https://qr-codes.io/orm7qU,1
https://mymckessonsso.com/index.php?passtoken=&redirect=/,1
https://docs.google.com/drawings/d/1T8TZUu6mgdgy1k0BIsywVz22I1CiFKwao2SIjSytzuU/edit,1
http://imap.hyundainorthedsa.com/,1
https://bet83086.com/sport/,1
https://yrk.sa.com/attmail,1
https://relu.planning-lockers.com/as.php,1
https://attmailcenter-106813.weeblysite.com/,1
https://docs.google.com/drawings/d/1QwY7_pII2lxfyXsB5IJFJwq3Rf-QLUYwmJ3H0nPS52M/edit,1
https://tx1015.com/77tg/boxMrenewal.php?rand=13InboxLightaspxn.1774256418&fid.4.1252899642&fid=1&fav.1&rand.13InboxLight.aspxn.1774256418&fid.1252899642&fid.1&fav.1&email=M21haWxAYS5iLmMw&.rand=13InboxLight.aspx?n=1774256418&fid=4#n=1252899642&fid=1&fav=1'%20%3E,1
http://104.168.0.133/J/steinnew.ps1,1
https://spotify.com,0
http://181.129.182.138:50370/i,1
http://raiffasenb.com/mirai.arm64,1
http://104.168.0.133/J/ssteeein.ps1,1
https://web.archive.org,0
https://polonyauniversiteleri.com.tr/ashanka/Topo.fla,1
https://nobabio.com//ACCOUNTUPDATE2025/Sites/index.html,1
https://allegrolokalnie.pl-oferta73578990.rest/?id=IeKbN1Od5NDHbDNeNmAnahcHAEFj3B,1
https://washtrustonline.biz/AuthenticationSystemWTuKPTIBK02XnhH6Focb4qJusPmilpSRTaV73TtgsgJB97RV3Qny5Zc5FqwtlDG8IBBlEiiYiabT/,1
https://sage-dusk-77ba3d.netlify.app/,1
https://statista.com,0
https://tinyurl.com,0
https://wpguardian.io,0
http://125.40.147.31:42699/i,1
https://docs.google.com/drawings/d/15ifW-C40JhKfiLiWBX9jdMAQMTcpo_k2xT3JXdZYfmg/edit,1
http://91.92.243.183/mpsl,1
https://browser-chrome.gitbook.io/us/,1
https://discord.gg,0
https://metamask-extension-get.created.app/,1
https://cardkd.cn/wp-admin/cgi-ent/newweeetrade.html,1
https://zlvmaau.cn/Login/,1
https://inofwumu.com%E2%88%95ksdTLKr%E2%88%95pIDUFdG%E2%88%95mqZMVR@zktltod.cn/JyofXYd/profile/Ho7IL3sRXn/xi1k-btw/product/kuA8Zp1VXMV-3/9_w8LS/billing/iyuBY/product/tO0Nq6JwyFvZo/_dfdE/wishlist?page=w4rS&amp;category=7EomU&amp;clickid=EqwlJGco2_Rz,1
https://allegrolokalnie.pl-kategorie84912847263.cfd,1
https://jquery.com,0
https://change.org,0
http://secure91751.myridetolax.com/1xgg9d0f/,1
http://45.153.34.209/bins/x86,1
http://roblox.com.ml/communities/2329024045/AdoptMe-Fan-Group,1
http://bpkornik.webd.pro/Beneficenc155.xsn,1
http://219.155.63.241:51740/i,1
https://telstraverificatoionservicesofcommunication.framer.website/,1
http://42.178.83.201:53737/bin.sh,1
https://boschshoope.vercel.app/,1
https://zonfhev65anki.mocha.app/#x@x.com,1
https://qfkvcpu.cn/Login,1
http://41.216.189.163/1.sh,1
http://176.65.149.4/bins/Demon.x86_64,1
http://123.10.179.168:49547/i,1
http://123.9.194.151:36072/bin.sh,1
https://fasuepa.org/accountupgrade/Sites/index.html,1
https://go.kr,0
https://ovh.com,0
https://pub-04859221631541ffa3667d38e2cda3af.r2.dev/login.html?eta=3mail@a.b.c0,1
https://si.edu,0
https://dfh4k5asfa.lat/dilmkaz7/qyNSug/kteOwy,1
https://mourchi.wuaze.com/+/XG4wj327ze2oW5mb75360xq2090xp1LF83723oj54528Zb50017By87785Su61500cu0956802318=,1
https://oecd.org,0
https://docs.google.com/drawings/d/1ekJoi4yZLqCsPOdpJ3SfM-ClMSX2bLUioi9VUzkdWDM/edit,1
http://60.22.171.150:42549/bin.sh,1
https://www.robiox.com.py/games/920587237/DAY-9-Adopt-Me?privateServerLinkCode=693314866683917626469861553431,1
https://www.gov.uk,0
http://113.231.247.182:35709/i,1
https://docs.google.com/drawings/d/1BsgmXebRviwvufpXhedC-RQcpqp0YhL4wlBdhFpZbCg/edit,1
http://123.9.126.15:48135/bin.sh,1
http://paxosi.qpon,1
https://banners.babyonline.cz/adclick.php?bannerid=2240&amp;zoneid=1931&amp;source=&amp;dest=https://triumphant-approach-030134.framer.app/,1
https://n4.home.fedricfamily.com/cgi-bin/index.ha,1
https://ipfs.io/ipfs/bafybeifaqqecpwzwu45hqlinjrg2l37tkvdkzreopne5m76owfodlvtt2q,1
https://dizzy.quirkpaste.ru/bati1pxp,1
https://docs.google.com/drawings/d/1rKBydkqoNDsj-NjecuR7EZHorpLrIRpWdurdZMeuyUc/edit,1
https://upenn.edu,0
https://exodus-wallet.global.ssl.fastly.net//exodus.html,1
https://wk.quxt.org/,1
https://www.roblox.com.ml/users/5568366183/profile,1
https://newsweek.com,0
https://allegro.pl-oferta3292729.icu,1
https://chackfr.host/arubbig/posto.php,1
https://princeton.edu,0
https://www.robiox.com.py/users/459514889210/profile,1
https://docs.google.com/drawings/d/1r9ydRUFw0aI2DUnHQkTrygC4RD-nbLgbxrj1XwrjqTc/edit,1
https://barbottin.planning-lockers.com/,1
https://3651234.com/index.html,1
http://allegro.pl-78154.icu,1
https://seur.com-gqd.vip/es,1
http://allegrolokalnie.pl-k837261551527838422552291871673636.icu,1
https://027gwtf.lat/x1w2ffby/bhBjtA/WhNXaD,1
https://perfectmoney.pages.dev/,1
https://dpd-ptrezt.cfd/,1
https://guohurx.cn/Login/,1
https://cbsnews.com,0
https://mcnteplo24net.sbs/,1
https://sciencedirect.com,0
https://tinyurl.com/yzh97nup,1
https://wingor.brightw1ng.ru/wbzk440k,1
https://rbfcu-star.azurewebsites.net/(S(itfhjmvhtpe2fgsytav2ufvj))/Main/Login,1
https://microsoftonline.com,0
http://91.92.243.183/slovsdih/x86_64,1
https://auth.properties/sAZSBSp3-SRkPqg?/aG94aHVudA,1
https://15qcdsv.lat/x1w2ffby/bhBjtA/WhNXaD,1
http://91.92.243.183/slovsdih/sh4,1
http://allegrolokalnie.pl-775421112344543223g4321344555r4433.icu,1
http://117.212.31.38:58380/bin.sh,1
https://n4.home.fedricfamily.com/,1
https://weebly.com,0
https://reportformenow.wixsite.com/my-site-1,1
https://jmclild.cn/Login/,1
https://myshopify.com,0
https://nouveau-point-relais.com/,1
https://t.co/leSbhhlhoa,1
https://docs.google.com/drawings/d/1huTpouS3jtxkRjKqdoi7Fv3qve4f24-4z_zzSHBhKpM/edit,1
https://docker.com,0
https://courierguy-thedelivery-southafrica.pages.dev/pag1_files/saved_resource(1).html/,1
https://docs.google.com/drawings/d/1e24EGimh3OMhnlo8MoRuUen7keqbh_V1uoGxdCMHKvI/edit,1
https://docs.google.com/drawings/d/1txkK5zh7EX83FfujOgNjfUG2JPyr57_WrR1s8FcwA1U/edit,1
https://docs.google.com/drawings/d/1RpHdRB30EKyBFmF_beKCStt7jvQ8PQLIluKwMSbYbUc/edit,1
https://europa.eu,0
http://123.14.73.41:39061/i,1
http://39.86.77.166:48562/i,1
http://41.216.189.163/bins/Labelloperc80.arm5,1
https://webmail-venturecomm-net.weebly.com/,1
https://huffingtonpost.com,0
https://wordpress.com,0
https://freepik.com,0
https://docs.google.com/drawings/d/10M77_WL8WEFd8EvLfKF0J38N2QdfLhM04VI-prs9amQ/edit,1
https://registro-cr2025adf.cr-web.workers.dev,1
https://www.djtxol.jp%E2%88%95axwqufznfd@djmwvjd.cn/,1
https://abpvinternetenregi.wixsite.com/my-site-1,1
https://functional-founders-182100.framer.app/,1
https://sportseye.com.pk/Softaccount/Sites/index.html,1
https://colisdirectpro.com/pages/index.php,1
https://hr.bulletinshr.com/secure/training/6422c2/8c5781c2-7b1e-4035-b1d7-990e269e5380/,1
https://trezorsiostt.gitbook.io/us/,1
https://docs.google.com/drawings/d/1OLPJglUqifo3yNuQRR40am2NU-SS95ZmS1KpYClImdg/edit,1
https://account-captcha-id4234.cfd/sign-in/uri.html,1
https://maps.google.com,0
http://42.231.228.145:45058/bin.sh,1
https://wpastra.com,0
https://docs.google.com/drawings/d/10Zh7zQ3nj4AQW2aCxuTQ-rQm04L2YqIFYGrhDNitUH8/edit,1
http://allegrolokalnie.pl-konsola-xbox-series-x-87265157726gg6625518999.cfd,1
https://bk97vhj.vercel.app/,1
http://48953587.jk22.sk/?id=brconcept.de,1
https://7hwtcc.icu/x1w2ffby/bhBjtA/WhNXaD,1
http://178.16.55.189/files/7149348537/wmOV2d3.exe,1
https://dappfix-mainnet.pages.dev/0.730454681609271/wallet.html,1
http://u96704po.beget.tech/,1
https://instasmm.in/login/Sites/index.html,1
https://graillet.clientspickup-sms.com/,1
http://42.226.71.231:45733/i,1
https://fancy-group.com/wp-content/smlod/consous/?zonealldom=aaaa@example.jp,1
https://reuters.com,0
https://roblox.com.py/users/4154878871/profile,1
https://docs.google.com/drawings/d/1ZawFFo6kR72ArxpZ9s8TIbogTs_DzswI4AolKt9mNLc/edit,1
http://115.63.178.12:55802/bin.sh,1
https://sms-reglementsanef.com/as.php,1
https://oxscsnet-solsprevviewonlinesolutions.imi.lat/appsuitedocs/PO10682.htm?i=1,1
https://docs.google.com/drawings/d/1KFFw9PpEfFAl4R27z7qqQ1z6D0j8gemKi3Sx9_p_MTY/edit,1
https://autoroute-reglementspeage.com/as.php,1
https://1euk.twirlpane.ru/6rsm9hft,1
https://roblox.com.ge/users/3077562570/profile,1
https://secureapgfc.weebly.com/,1
http://113.238.68.162:36942/i,1
https://allegrolokalnie.oferta317582.sbs,1
https://sriltqc.cn/Login/,1
https://docs.google.com/drawings/d/1LVP4Eso0lN0ulpjZihR2fkRQQYNa0Qb7aWRFtiEABYU/edit,1
http://54.160.193.50/bins/miraint.spc,1
https://cakto.app/7Tm34cP/?affiliate=SoS2Z57x,1
https://wexzn.cn/,1
https://i0.wp.com,0
http://110.37.8.214:41549/bin.sh,1
https://w41i.xyz/m/,1
https://allegro.784847.click/cdn-cgi/phish-bypass?atok=7dY3pDnVHaBB2pQLJko5rimgx_uRMaWx_Q28geulLoE-1765192224.3296225-0.0.1.1-%2F&amp;original_path=%2F&amp;cf-turnstile-response=,1
https://patreon.com,0
https://docs.google.com/drawings/d/1LdlxuDp5kSDd2IsMvxO9HbX9S2clByFAx9lWhh0IMa4/edit,1
http://bncmontepio24.shop,1
https://doubleclick.net,0
https://pub-425e0e2c58564929ae9f6ab452eb941e.r2.dev/index.html,1
http://alpenblack.net/bins.sh,1
https://hbr.org,0
http://hostedevents.073202.com/education_redirect_second/8c5781c2-7b1e-4035-b1d7-990e269e5380,1
https://support-lledgerstart.webflow.io/,1
https://allegrolokalnie.oferty-12484-dla-ciebie-proponowana.icu,1
http://allegro.pl-749154.icu,1
https://cabinetdivisionpakgov.org/download/fetch/list14/26119/view/57319199-3932-42cc-ae5e-76aa1d7f0bca,1
https://intel.com,0
https://did.li/oJjDN,1
https://archipelagic32reinsulate.blob.core.windows.net/miai93ku2x2j/iCJRZZd.html,1
https://evolveafricaltd.com/.well-known/notification-notic/#x@x.com,1
https://docs.google.com/drawings/d/185fKE2dahJR0a2D5mW_jaYkDG8h6Cv4kQdi9yfJ19O8/edit,1
https://opera.com,0
https://hr-desk.itupdatealert.com/education_redirect_second?8c5781c2-7b1e-4035-b1d7-990e269e5380,1
http://astar-degens-testing.webflow.io,1
https://bhd-ganadores-premios-2025.weebly.com/,1
https://www.robloxw.com.es/discovers/?Keyword=,1
https://www.infosppl.com/,1
https://docs.google.com/forms/d/e/1FAIpQLSe7i_H0lV9Qh_ZUfyXfITgaNgZd51JkTTwwM0D96n14-ti6Tw/viewform,1
http://163.142.95.240:47005/bin.sh,1
https://docs.google.com/drawings/d/1RSu_L8KJhOD_l-02E7T63v4VSVcfOCWl6PNV1L8Ccb8/edit,1
http://srv244424.hoster-test.ru/usaa,1
http://ictd.printertroubleshoot.com/secure/training/6422c2/8c5781c2-7b1e-4035-b1d7-990e269e5380,1
https://roblox.com.py/users/5847109004/profile,1
http://amazon.cqzs.shop/,1
http://180.76.141.175:4444/02.08.2022.exe,1
https://fr-mrelay.com/as.php,1
http://115.48.237.144:46345/i,1
https://calendly.com,0
https://home-nomura.pdd086.com,1
https://help.opera.com,0
http://ictd.printertroubleshoot.com/education_redirect_second?8c5781c2-7b1e-4035-b1d7-990e269e5380,1
https://free.fr,0
https://docs.google.com/drawings/d/1sJLeqHycYnHRcRuwtla028fMqOEiBrJJGL_1r9W_S6Y/edit,1
http://42.226.67.7:60294/i,1
https://zn-imtoken.me/wallet,1
https://associazionegenia.it/wp-includes/IXR/json/json/import/,1
http://117.206.79.222:43071/i,1
https://swift-webmail-viewer.framer.website/,1
http://178.16.55.189/files/7359455182/POrtXtv.exe,1
http://b45077.com/poker/200,1
https://pickup-frclients.com/as.php,1
https://t.co/bmYmk4NAwT,1
https://pixeldrain.com/api/file/ddcKJMRv,1
https://docs.google.com/drawings/d/1uaDoMoEkUbwGDgPcldD99bp7itfoYin_uVIQJWa37_A/edit,1
http://115.55.113.76:59500/bin.sh,1
https://ahv3ctpms4e.premisp.net/education_redirect_second/8c5781c2-7b1e-4035-b1d7-990e269e5380,1
https://docs.google.com/drawings/d/1zgQcAXedVBlq-FlvoWjHXKgoigHTiMjQ9VvLprLdeoM/edit,1
https://docs.google.com/drawings/d/1xNHHDdquDAEWhPLoTSVzSfki6wwuUCJaz4IqONAGWfQ/edit,1
https://www.kuiconlogin.godaddysites.com/,1
https://sciencemag.org,0
https://werif.online/,1
https://allegro.74682.me/cdn-cgi/phish-bypass?atok=2mZcH0O23oP72PRhcXfvqodAcYkINJ3kdIwRDiLSXX8-1763338376.4949205-0.0.1.1-%2F&amp;original_path=%2F&amp;cf-turnstile-response=,1
https://archipelagic32reinsulate.blob.core.windows.net/kiv67ez0zv9n4uc/axwmffRu.html,1
https://cunbseprolgnn.gitbook.io/us/,1
https://books.google.com,0
https://docs.google.com/drawings/d/1pK3ApvGPU-w_MovJlLjVB3f1Va8qW5yhogO9p5edGlM/edit,1
http://allegro.pl-oferta864937.sbs,1
http://41.216.189.163/bins/Labelloperc80.arm,1
https://slideshare.net,0
http://117.248.26.182:32988/bin.sh,1
https://almabroorhajj.com/aok/,1
https://rhkpeft.com%E2%88%95pozkhbqt@nsbtpedn.cn/_ec2kKU0/checkout/UZ35DF/history/4KxTs9xiJxPqRz8/9i-72hgM/product/48LWKO-/subscription/WCUS3B_RxRSsGR/Idk-aI/reviews?cart_id=hldzDglVHW&amp;utm_source=newsletter&amp;id=hLyjPb&amp;locale=ja-JP,1
https://kgvoy.cypres.cfd/gkq43,1
http://175.174.106.180:58756/bin.sh,1
https://forms.gle/sy7NHR5ajFvo7dEZ8,1
http://iman124.com/,1
https://docs.google.com/drawings/d/1tpW_2hkFUfxyS78UjbrU5fptVknCyyd7pd-skY4nifw/edit,1
https://spmao.com/?token=kQAAuCcrh42v42aW,1
https://5wwfr3.icu/x1w2ffby/bhBjtA/WhNXaD,1
https://ledger-us-live-login.vercel.app/,1
https://phantom.solunion.cc/,1
http://www.kuucoin_exxchange.godaddysites.com/,1
https://hmnvv.com%E2%88%95EsrXRl%E2%88%95zXIrzdWlq%E2%88%95KNuUDxAL%E2%88%95WYbDVa%E2%88%95bKfvYf@wtwyrqh.qfg7yyok.cn/,1
https://iman755.com/,1
https://irs.gov,0
http://82.117.87.188/Fantazy/Fantazy.i586,1
https://unicef.org,0
https://allegrolokalnie.plsd2bgflhtswmqs01xk.icu/?id=MNHJGaH3oI048iggibaBjBj3M9HMee,1
https://ask-exe-tension-coiin-base-us.pages.dev/,1
https://roblox.com.py/games/121864768012064/Fish-It?privateServerLinkCode=06308862469570832095799397170651,1
https://umn.edu,0
http://b45077.com/sport/281,1
http://42.178.83.201:53737/i,1
https://redirection-colis.com/,1
http://allegrolokalnie.pl-73127.sbs,1
https://pickupclients-sms.com/,1
https://mrelay.infos-fr.com/,1
http://54.160.193.50/bins/mirai.sh4,1
https://marriott.com,0
https://magentai.qpon/index.html/,1
https://t.co/U6uyKJaESB,1
https://vecixrig.top/jp/,1
http://bet73018.com/fish/29,1
https://apparent-platform-689410.framer.app/,1
https://docs.google.com/drawings/d/1QcF0Rl9pBxqvLK-dYX85usARd6SsyYjmSX7m6oZF-Lc/edit,1
http://54.160.193.50/bins/miraint.mips,1
http://iqtkt.com/u,1
https://rbfcu-star.azurewebsites.net/(S(cgwztx2bjga5itudcaanc2i4))/Main/Login,1
https://3rcw55.icu/x1w2ffby/bhBjtA/WhNXaD,1
https://paypal.com,0
https://allegrolokalnie.pl-oferta84392.cfd/,1
https://d02022020d.glazetoamaze.co.uk/wp-includes/cgi-ent/link.html,1
http://alpenblack.net/mirai.ppc,1
http://www.eservices-alriyadh-gov-sa.vercel.app,1
https://youtube.com,0
http://115.49.211.171:41570/i,1
http://185.163.204.28:5570/PhSep30zip/1ymmu.zip,1
https://twitch.tv,0
http://86.150.68.204:81/sshd,1
https://docs.google.com/drawings/d/1RlYk4Qpy7A4K8Cab38881rMCbLFoXuLiTx_TaDPLsQA/edit,1
https://wikimedia.org,0
https://huffpost.com,0
https://hr.bulletinshr.com/education_redirect_second?8c5781c2-7b1e-4035-b1d7-990e269e5380,1
http://dg6q8vf8v656vdv6f.issmarterthanyou.com,1
https://whatsmulti.com/pl/payment.html,1
https://ducon.sms-pickupclients.com/as.php,1
https://taxreminder.unique-experience.ae/security-check/alert,1
https://docs.google.com/drawings/d/1fsYD82QdnsmRSNwLiiifEyLpwC-2sAzKxcvDXT-PfyM/edit,1
https://pbs.org,0
http://221.15.16.221:53401/i,1
https://zarivon.cfd/indexco.jp,1
https://fmshput.cn/Login,1
https://allegrolokalnie.491023.cfd,1
https://googleblog.com,0
https://skype.com,0
https://economist.com,0
https://docs.google.com/drawings/d/1i2D8_ZiLb-_APqatvc25_s6KhQbF1g8SibFRcb61I2w/edit,1
https://courierguy-thedelivery-southafrica.pages.dev/pag1_files/pag1_files/saved_resource.html/,1
https://www.bk97vhj.vercel.app/,1
https://ipfs.io/ipfs/bafkreifrn2epr26pgeac2mrskziu35ixajxsn33ga27k4og5q7azq5sphe,1
http://125.44.253.208:54890/bin.sh,1
https://www.dropbox.com/scl/fi/r3p8iyvejbppg5qfyahxx/Untitled.paper?rlkey=zh923h6p3do287ojr5l96xmv4&st=m1vl9gvk&dl=0,1
http://185.163.204.28:5570/PhSep30zip/PhSep30Sfsa.bat,1
https://huawei.com,0
http://allegro.pl-oferta43901.cfd,1
https://qr-codes.io/dscuyM,1
https://holden.sms-pickupclients.com/,1
https://docs.google.com/drawings/d/15OZc_5KZiaWeMxHBmWgwujQcphJDqbkBonXkVYGvJjI/edit,1
https://yandex.ru,0
http://120.28.210.78:48397/bin.sh,1
https://aliyun.com,0
https://pickupclients-sms.com/as.php,1
https://creativecommons.org,0
https://gizmodo.com,0
https://docs.google.com/drawings/d/1xpkxNrkuJkM6_vhTMHGWSTJRuWP_pAe2y5lcqlolhwo/edit,1
https://kgvoy.cypres.cfd/rv90z,1
https://rebrand.ly/Danaakaget-Claim,1
https://rbfcu-star.azurewebsites.net/(S(qzix2po0u5vlxuviys15kr4h))/Main/Login,1
https://hggfdewww.wixsite.com/website-79,1
http://raiffasenb.com/mirai.ppc,1
https://docs.google.com/drawings/d/1PQEzjLA0VrGAjaanxqmpCbcH3cC3w3maK-NnZS42EbA/edit,1
https://wisc.edu,0
https://richsnvail2cdwzf8ududchbc50xnyvpa5cjcows.surge.sh/home.html,1
http://lngresarbhd.webcindario.com,1
https://statcounter.com,0
https://hugedomains.com,0
http://27.215.124.225:38007/i,1
https://instruction-support.com/,1
https://bet83086.com/sport/174,1
https://ntflx-cuentas.com/,1
https://v.qq.com,0
https://parcel-transit-pack.com/as.php,1
https://coenprz.cn/Login,1
https://gshgvssvjjaidhgdymail.org/oAHePa@1H4KGf/$victim@email.com,1
https://tripadvisor.com,0
http://www.itauunibanco.global/,1
"https://linkprotect.cudasvc.com/url?a=https%3a%2f%2fwashtrustonline.biz%2fbtbanking%2fdblqp&amp;c=E,1,56mxYePme2GSI9E1_kc_EOZ5qCMIMpWx1bUYj-P7Y0JAwM0AXsjVT2ayUUNbO8nJphbTUzBw5VSRuQyAYtITUNeIG-Sodba42XOQP6u5wg,,&amp;typo=1&amp;ancr_add=1",1
http://110.39.229.159:59400/i,1
http://27.64.119.206:1083/sshd,1
http://45.153.34.209/bins/arm5,1
https://docs.google.com/drawings/d/1uubW87CYhmsAjsQvWkoN_QGF5LDA8GiT4G8Gqk7saBU/edit,1
https://kuucoin_exxchange.godaddysites.com/,1
http://allegrolokalnie.pl-kategorie84912912849.cfd,1
https://arcgis.com,0
https://aliexpress.com,0
https://mrtmskextsion.gitbook.io/us/,1
http://43.138.248.196/02.08.2022.exe,1
https://vcsfu.axiona.cfd/pmixh,1
https://meetdatefind.com/fRY1Fk?token=3mail@a.b.c0&sub1=dewc/,1
https://trustpilot.com,0
https://docs.google.com/drawings/d/12GZjz9tljAYSqpSaH8_lkzvh4wZm_a7fQGGnJ8Aztdg/edit,1
https://luxury-rugelach-8352f7.netlify.app/rs_tl.html,1
https://servicio.finquessole.cat/Correos/particulares/SS/corr/corr.php,1
https://businessinsider.com,0
https://myawqce.cn/Login,1
https://graillet.clientspickup-sms.com/as.php,1
http://178.16.54.198:7777/amdocsllc.shop/pounds/Encrypted_Script.ps1,1
https://en.wikipedia.org,0
https://public.gensparkspace.com/api/files/s/ZdxClRN3,1
https://dribbble.com,0
https://did.li/dI9aa,1
https://dopalo.tougas-bas.at/vipps/auth/track.php/,1
http://allegrolokalnie.pl-oferta63230169.sbs,1
https://ahfozfl.cn/Login,1
https://personavirtual-colombia.vercel.app/bancolombia/persona,1
http://42.235.60.189:54538/bin.sh,1
http://allegrolokalnie.pl-oferta51155749.sbs,1
http://allegrolokalnie.plsd2bgflhtswsqp01xk.icu,1
https://bafkreicfwvu6im6mjwgvoberdluk4jc7vhwtldq5r3w4mmfltqek7gnziu.ipfs.dweb.link/,1
https://house.gov,0
http://113.44.67.52:8089/02.08.2022.exe,1
http://kuccoinl0giin.godaddysites.com,1
https://did.li/H63rl,1
https://us02web.zoom.us,0
http://allegrolokalnie.pl-kategoria1928273.sbs,1
https://eihedhg.cn/Login/,1
https://magaluprecolive.com.br/931171480/produto,1
http://www.amazon-clone-orcin-ten.vercel.app/,1
http://srv244532.hoster-test.ru/mailpec/der/der/index.html,1
https://hbcvivi.cn/Login,1
https://docs.google.com/drawings/d/16JSD_vjvdAYwsxNqz5qTZikszivLIggdRHMBRewArWE/edit,1
https://docs.google.com/drawings/d/1Os8nDWDTdEKBqHbRabF5zBdV__dd3wxF8hsqryBAqCo/edit,1
https://clientpickup-fr.com/as.php,1
https://clientenetonline.com/,1
http://217.24.144.83:48199/i,1
https://www.pontonet.online/f2/index.htm?utm_source=google&amp;utm_campaign=23324480527&amp;utm_medium=195142263768&amp;utm_content=786592933,1
https://www.soldeimpaye.com/,1
https://docs.google.com/drawings/d/1vZm1Pwt-Ntn9x1kvXLjbZ07_pcjQgMGaTke84zJ-H2o/edit,1
https://docs.google.com/drawings/d/17beobHo3awGlVjzxFS6MGb698X3z_wh0IQ9twky3Od8/edit,1
http://howling-megabyte-raspy.on-fleek.app/guyis.html,1
https://docs.google.com/drawings/d/1ii5OdW9M07FqpUyCF8j1R1wejuMF0n-DNU3Zx5W7SHk/edit,1
http://115.52.22.70:59769/i,1
https://www.bacsv.cc/sv,1
https://t.co,0
https://outlook.live.com,0
https://docs.google.com/drawings/d/1OCDeZLTxIUhxoU6B039MfTsJZOj2x1SeQ99P31Ve0Ro/edit,1
https://wrightpattcuwebsite.weebly.com/,1
https://alibaba.com,0
https://plesk.com,0
https://wired.com,0
https://guohurx.cn/Login,1
https://rtukehet.top?kw=0612SUR_ALL3&amp;LDMGloxx,1
http://88.229.71.150:42586/bin.sh,1
https://ksj.d7jyu2dnjykvx.amplifyapp.com/,1
http://allegrolokalnie.iwahetu.top,1
https://www.robiox.com.py/users/476431298791/profile,1
http://104.168.0.133/J/roger.ps1,1
https://imaginariumofvancouver.com/wp-admin/js/widgets/st6/6/,1
https://allegro.784847.click/cdn-cgi/phish-bypass?atok=Kxf7Dvw80mNXhxZxwU601WFbUNdI0pwqWbr.WGUfv3Y-1763338424.3510904-0.0.1.1-%2F&amp;original_path=%2F&amp;cf-turnstile-response=,1
https://docs.google.com/drawings/d/1PZma3-FCYMB3AcH9gVJIC7YnohR278GZRur2lFDN8qQ/edit,1
https://webmail-oxcs-networksolutionsemail-com.inddirection.com/nindex.html,1
https://txklzc.top/y1.html,1
https://defiflux.netlify.app/,1
https://myawqce.cn/Login/,1
http://113.25.106.170:34539/i,1
http://allegrolokalnie.pl-oferta904601-ipad-pro-13-m4-wifi-cellular.sbs,1
https://instruction-support.com/as.php,1
https://drive.google.com,0
https://myaccracity.com/plala.or.jp/plala.or.jp,1
http://42.225.229.145:34192/i,1
https://intuitive-plans-251024.framer.app/,1
https://buydomains.com,0
http://110.37.99.117:35666/i,1
https://blogger.com,0
https://www.tiktoktir.shop/,1
https://docs.google.com/drawings/d/1EhlsK_mYIaaZkf8O_ua0O3MDZ3RI3AmhG5xYKbGM7hM/edit,1
https://myspace.com,0
https://kucinlogein.webflow.io/,1
https://docs.google.com/drawings/d/1fjymvfhKRYfzZnwYMf4z-hIAmuBmrMwSRwsZ7jombE4/edit,1
https://prnewswire.com,0
https://docs.google.com/drawings/d/1SxNoP1Y-HCBEXNphIVpTyTidzjScGslUEcrZvKUK6jk/edit,1
http://182.123.167.131:51694/i,1
http://112.242.165.99:44586/i,1
https://satpusi.cn/Login/,1
https://hr-desk.itupdatealert.com/secure/training/6422c2/8c5781c2-7b1e-4035-b1d7-990e269e5380?test=1/,1
http://54.160.193.50/bins/mirai.spc,1
https://karimatwahab.github.io/NETFLIX/,1
https://jack.quirk-paste.ru/7tea3jz5,1
https://rbfcu-star.azurewebsites.net/(S(t3433cgbvsf4yhvzlndsa0he))/Main/Login,1
https://acm.org,0
https://fancy-group.com/wp-content/smlod/consous/?zonealldom=support@plala.or.jp,1
http://120.84.213.93:48535/i,1
https://www.skynetsystemsugx.com/app/,1
https://pub-abdb764554b0439c836fb9286892e457.r2.dev/webmail0.2.html?eta=C3mail@a.b.c0,1
https://dailymail.co.uk,0
https://www.robiox.com.py/users/328469375924/profile,1
https://docs.google.com/drawings/d/1yIp4ifrsQTf7MWHEF4gWkdHOjPzij5yCM27F_8JucK4/edit,1
http://42.225.218.92:47557/i,1
https://addtoany.com,0
https://telstrareactivatingoptimizationau.framer.website/,1
http://178.16.55.189/files/7149348537/uey2tDN.bat,1
http://54.160.193.50/bins/mirai.arm7,1
http://whatsapp-htiy.blue/,1
http://123.188.120.115:57277/bin.sh,1
http://raiffasenb.ru/mirai.mpsl,1
http://b45077.com/lottery/99,1
https://roblox.com.py/users/2368897744/profile,1
https://8wgtwf.icu/x1w2ffby/bhBjtA/WhNXaD,1
https://bsky.app,0
https://docs.google.com/drawings/d/1sajc9XngM_Mu9MO8Xb32JhtEE56z6XdgwfGCWYD05Vo/edit,1
http://104.168.0.133/J/AIRFORCE.ps1,1
http://raiffasenb.com/bins.sh,1
https://docs.google.com/drawings/d/1RH-59Pyiqizrf3JYhgBlVday9_kGD3kxDBE2Pl0U4RQ/edit,1
http://178.16.55.189/files/491473609/xWaLSsn.exe,1
https://bet73018.com/sport/281/,1
https://harvard.edu,0
https://mozilla.org,0
https://usda.gov,0
http://176.65.149.4/bins/Demon.arm,1
https://vox.com,0
https://reservation.thailand-id5272.com/MPF9V7CI,1
http://booking.confirmationid-836171.com/p/234251806/,1
https://37s.mashvortex.ru/tl6zibfu,1
https://www.roblox.com.ml/users/4963799567/profile,1
http://allegro.86845.icu/,1
https://anjisha616.github.io/Netflix-clone/,1
https://bellsouth-att-sign-in-abe8d5.webflow.io/,1
https://8jhbehg.icu/x1w2ffby/bhBjtA/WhNXaD,1
https://nowe-08-12-25-pl.click/o/qpp4h/1765272322020#selectedbank9,1
https://docs.google.com/drawings/d/1bICYtpfGOpqj1ZkxOLuFBLZqgq_a81CBuIjyIptnElM/edit,1
https://archive.org,0
https://did.li/aaMgT,1
https://auth-secure.me/f9KyYLiBxUE_nQ?/thermo-fisher-scientific/post/id=dmljdGltdXNlckBjb21wYW55LmNvbQ?,1
https://bellsouth-att-sign-in-905021.webflow.io/,1
https://docs.google.com/drawings/d/1Kzq6ShhW6kAA3ptL_peKJzFqrWeNaLttcN9H2fcpONw/edit,1
https://forms.gle/SGwTf7t6av9ZRANa6,1
http://42.230.44.102:60888/bin.sh,1
https://cloudflare.com,0
http://178.16.55.189/files/8352719041/L9LocW2.exe,1
https://shorten.ee/i36Am,1
https://getbootstrap.com,0
https://beneficios-prombanproduction.vercel.app/,1
https://worldbank.org,0
http://1615666666.com/,1
https://uiuc.edu,0
http://41.216.189.163/bins/Labelloperc80.arm6,1
https://shift.hex-wander.ru/rc8he10g,1
https://www1.shogunmonitor.com/cuscatlanhn/index.html,1
https://www.roblox.tc/users/5568366183/profile,1
http://115.48.2.133:40776/i,1
http://allegro.67013.click,1
https://trx-defi.com/,1
https://docs.google.com/drawings/d/1xm4jDEVx2gEcS0nXGRFO4KFSLXyrtx52tJUfSIDaSXI/edit,1
https://www.fullstack-netflix-clone.vercel.app/,1
https://public.gensparkspace.com/api/files/s/KpdL1qod,1
http://allegrolokalnie.78626.me,1
http://italia-brt-it.xyz/?token=dDkODkNT,1
http://182.112.215.83:55114/i,1
https://airki.meralon.cfd/mbu26,1
http://222.139.82.18:48168/i,1
https://wixsite.com,0
https://developers.google.com,0
https://www.impayeulys-sms.com/,1
https://metamask-login--e.framer.ai/,1
https://fb.com,0
http://91.92.243.183/slovsdih/mpsl,1
https://wiktionary.org,0
https://robloxw.com.es/users/704835841/profile,1
https://flowcode.com/p/e8OCgQ1gkB,1
https://impayepeage.com/,1
https://gc225472.github.io/js-test_chai_with_code/,1
https://mluna94.github.io/Netflix/,1
https://rc-2.global.ssl.fastly.net/oi/php.html?cms=xxxxxx@utia.cas.cz,1
http://196.190.11.194:51066/bin.sh,1
https://newyorker.com,0
https://4823bets10.com/,1
http://222.138.151.155:54246/i,1
https://docs.google.com/drawings/d/1dVtOV48cmdRBva1oTn000KFVSRgHkDbdgmNBqncAuXA/edit,1
https://interactive-eu.s3.us-west-1.amazonaws.com/1uBB19S2gRat5?email=redacted@abuse.ionos.com,1
https://sms-clientpickup.com/,1
http://182.113.3.99:35047/bin.sh,1
https://docs.google.com/drawings/d/1RdmjRgDdH2bdIrnxGqapPjEpx-UDnL68GCnB8DAosgM/edit,1
https://triboz.com.br/Mac/index.php?emp=redacted@abuse.ionos.com,1
http://allegrolokalnie.pl-76432257753222577652777.sbs,1
https://www.ulyspeage-co.com/,1
http://42.231.95.215:32796/i,1
https://allegro.pl-kategorie84912912849.cfd,1
https://mailinabox.email,0
https://tripod.com,0
http://allegro.pl75892.cfd,1
https://mohamed-giza.github.io/facebook-project/,1
https://tandfonline.com,0
http://213.209.143.34/bins/arm,1
https://mts-web254.weeblysite.com/,1
https://mckinsey.com,0
https://cornell.edu,0
https://l.wl.co/l?u=https://qr-codes.io/eu6ozA,1
http://120.238.189.72:58953/i,1
https://hp.com,0
http://178.16.55.189/files/748049926/8m18shS.exe,1
http://bet73018.com/sport/183,1
https://ebay.com,0
https://enlightened-areas-177709.framer.app/,1
http://182.127.38.6:60029/i,1
https://docs.google.com/drawings/d/1aKQkcRNCdk-4gZJXTWGA9mdh6LNNAID2Bfzn8HeAkBQ/edit,1
https://docs.google.com/drawings/d/1FAef3azs3dG-9taZfh9vuzlOCpT1ZHZIahNxJ3Y2ZKM/edit,1
https://yourtinyurl.live/w0UcP,1
https://telegraph.co.uk,0
https://ipfs.io/ipfs/bafkreiapq5mhlqchitutkqermz6gjpgjo63c7wmcemg7cl5h22tfgg7dfq,1
http://120.28.215.50:34531/bin.sh,1
https://ktsgyad.cn/Login/,1
https://flowcode.com/p/e8OCgQ1gkB?fc=0,1
https://medicalnewstoday.com,0
https://trzriostrt.kesug.com/,1
http://adobe-dynamic-inquiry-order.netlify.app/,1
http://akpp-volkswagen.ru/css/GlobalSources/?email=3mail@b.c,1
https://docs.google.com/drawings/d/1-QP5JLEl40iWnUGMZoAjAqQ5EmbLXoEN4TWl6P67IRw/edit,1
http://42.227.243.63:53072/i,1
https://dpd-ptrsvu.cfd/,1
https://enable-javascript.com,0
http://allegrolokalnie.78621.me,1
https://did.li/k9u6q,1
https://allegro.74682.me/cdn-cgi/phish-bypass?atok=N0CL5FqyI8Andipb1rNJfq3msTUHolHLEITUJtlHrBo-1763327593.6377697-0.0.1.1-%2F&amp;original_path=%2F&amp;cf-turnstile-response=,1
https://gofundme.com,0
http://59.182.77.83:43291/i,1
https://allegro.83249234.icu,1
https://pubmed.ncbi.nlm.nih.gov,0
http://123.12.21.11:50090/i,1
https://www-rqblox.com/login?returnUrl=1617015140,1
https://merriam-webster.com,0
https://docs.google.com/drawings/d/1oRVWuH43Tb5hVE1ueywf-wI5q25Bn8KaUDJMBkhnC0Y/edit,1
https://vps122880.inmotionhosting.com/~cocojo6/ZK4RMP9/,1
http://60.22.204.80:58230/bin.sh,1
http://allegrolokalnie.plsd2bgflrdmwsqp01xk.icu,1
https://gsupplements.vercel.app/,1
https://7je6ye.icu/x1w2ffby/bhBjtA/WhNXaD,1
https://rbfcu-star.azurewebsites.net/(S(u4pqhffmn1eeev0dnbditknt))/Main/Login,1
https://w3.org,0
https://mariodeluca.net/wp-content/plugins/pwnd/cnc/upload/en.php?rand=13InboxLightaspxn.1774256418&fid.4.1252899642&fid=1&fav.1&rand.13InboxLight.aspxn.1774256418&fid.1252899642&fid.1&fav.1&email=&.rand=13InboxLight.aspx?n=1774256418&fid=4,1
https://independent.co.uk,0
https://marketwatch.com,0
https://impayepeage.com/app,1
https://allegrolokainie.plsd2bgflstxlas41gk.icu,1
https://roblox.com.ge/communities/2415243610/,1
http://110.38.222.159:55731/bin.sh,1
https://docs.google.com/drawings/d/1pdOjH4WSXJCeIdv0B13JX2Bt_HYnp1_foAQPU7XuZKI/edit,1
https://zdnet.com,0
https://gouv.fr,0
https://docs.google.com/drawings/d/1RFIva5n-OzE1WOSPrMQjAcbTXaQwzDubYoHblk2XHZE/edit,1
https://rbfcu-star.azurewebsites.net/(S(nofse2qdtvjjfmjlszam1jst))/Main/Login,1
https://m.me,0
https://ipfs.io/ipfs/bafkreicbfraar7276wutlutlrolpji5uy23yrpqr3jdlpkifhafxremwdu?eta=,1
http://www.trustwalletauth.app/,1
https://jfdmarv.cn/Login/,1
https://dimclub.com.br/ingero/serverdimbasqlerror-wertserviceowasyncerrorcert606/index.html?auth=IARPOC@Newfold.com,1
http://82.117.87.188/Fantazy/Fantazy.arm,1
http://178.16.55.189/files/1792570984/4k5VBCS.exe,1
https://nih.gov,0
http://124.95.26.129:49372/i,1
https://list-manage.com,0
http://175.175.62.97:47454/i,1
https://mail-organized-update.weebly.com/,1
https://docs.google.com/drawings/d/1UHXUEFFxNnDnlobu6uZRY6PahydejUAhKkNcfqQDRP8/edit,1
https://commons.wikimedia.org,0
http://120.28.164.12:49389/i,1
http://58.255.43.17:43810/bin.sh,1
http://allegro.pl-k837261551527838422552291871673636.icu,1
https://noaa.gov,0
https://amazon.co.uk,0
https://mettamasklogiiann.webflow.io/,1
http://steamcommnnuity.com/tradeoffer/new/?partner=11863786442token=BGdVHrI5,1
https://roblox.com.ge/users/4027359830/profile,1
https://sms-clientpickup.com/as.php,1
https://rbfcu-star.azurewebsites.net/(S(azvnhh0ffptelhyyxvbn5wsk))/Main/Login,1
https://trouduc.planning-lockers.com/,1
https://allegro.784847.click/cdn-cgi/phish-bypass?atok=F0XT0OuQZcoLbJHvB3BYJr3dw82sBEQ9B9QEYQ4ICeo-1763340715.2551682-0.0.1.1-%2F&amp;original_path=%2F&amp;cf-turnstile-response=,1
http://incident.netaccess-management.com/education_redirect_second?8c5781c2-7b1e-4035-b1d7-990e269e5380,1
http://221.15.186.225:33937/i,1
http://allegrolokalnie.pl-smart4353423.sbs/oferta/Xbox-Series-X-+-kierownica-Ferrari-+-akcesoria/451565780,1
https://mon-point-relais.com/pages/index.php,1
https://spark.mashvortex.ru/1nu355q2,1
http://120.28.210.78:48397/i,1
https://docs.google.com/drawings/d/1CfQ4thSd4sVXLo5fK1f9Vrby0F5L_j1UxFI-ZylaV38/edit,1
http://115.55.33.117:51932/bin.sh,1
https://allegro.pl-kategorie84912847263.cfd,1
https://bankjaponpost.top/jp,1
https://dpd-ptrsvu.cfd/ptr/,1
http://175.175.62.97:47454/bin.sh,1
https://investopedia.com,0
https://britannica.com,0
https://rbfcu-star.azurewebsites.net/(S(2hrftgybglp2yofuras5jsp5))/Main/Login,1
https://f1e2qh.top/n1/h1/a2/jp/coi/,1
https://5wtt5t3.lat/x1w2ffby/bhBjtA/WhNXaD,1
https://abc.net.au,0
http://raiffasenb.ru/mirai.arm,1
http://tinyurl.com/y8esmvc2,1
https://www.hivcpvrbbd.my/,1
https://docs.google.com/drawings/d/1Y0a6u8-P052RglnXzCHvTF4mQUiNKmVmHyImKRigghk/edit,1
http://110.37.100.210:48667/bin.sh,1
https://allegrolokalnie.pl-889404.cfd/oferta/Meble-kuchenne-5,1
http://196.189.98.77:60145/i,1
https://nav--sso--coinbasepro--cdn.framer.ai/,1
https://zendesk.com,0
https://www.e-owa.com/?urid=woOXxyF_VMLmEehYstmSrDGgQzF1vHJY44y0d5Nucs1qWA6WTq5A86ljspR6RwS0BM27x9SvYhd0Z3DgV0YWhVcCp9G3Ue_WKUJWgWTFA0hQl7GLLAckxgC_Z17J6U9kUeCd78lkI0xuFpeW&rg=WEU,1
https://seur.com-nyg.vip/es,1
https://docs.google.com/drawings/d/1tUf78Cc-BM3auEUI81uQn46_rVIe6OOYLrT_Q5LFi40/edit,1
https://att-103446-103201.weeblysite.com/,1
https://people.com.cn,0
https://acs.org,0
http://123.14.250.229:57836/i,1
https://windows.net,0
http://178.16.55.189/files/7855874170/7W5Svip.exe,1
https://www.amexshirahamaz.com/,1
http://178.16.55.189/files/5692470278/IReCd61.exe,1
https://pnas.org,0
http://222.140.184.149:37450/i,1
https://admin.ch,0
https://www-rqblox.com/users/85772843/profile,1
https://trustwalletauth.app/,1
https://docs.google.com/drawings/d/1neoO35gKMAhzO2Z6heWgxUopBNK_LVfg1rn6Ti7xOV0/edit,1
https://reacheminement-consignes.com/index.php,1
https://coinbase-com-sing.framer.ai/,1
https://docs.google.com/drawings/d/1FzY5QwwmwlSpyTE5iidsihu9gFt8PAJ3wGyj6peCuus/edit,1
https://www.smbc-ind.com,1
http://severozapadonlineparts.ru/,1
http://mymckessonsso.com,1
http://120.28.197.118:44772/bin.sh,1
https://gazin.planning-lockers.com/as.php,1
https://allegrolokalnie.g43reol3.sbs,1
http://b45077.com/egame/76,1
https://fr-mrelay.com/,1
https://fullstoryinternal.com/index.php?passtoken=&redirect=/,1
http://123.12.192.246:57260/bin.sh,1
http://54.160.193.50/bins/miraint.arm,1
https://t.co/0cKa4UOvL7,1
http://217.64.135.181:35080/i,1
https://wehbmalmtz.vercel.app/?89814f65-4c33-43bf-9da6-d75601d37375,1
http://61.52.43.193:45768/i,1
https://allegro.74682.me/cdn-cgi/phish-bypass?atok=53oS2TXVHUYkjdsK2e04GQC3.B0NW2dy9VDkSwo4iVQ-1765193333.8797672-0.0.1.1-%2F&amp;original_path=%2F&amp;cf-turnstile-response=,1
https://sms-impayevinci.com/app,1
http://41.216.189.163/bins/Labelloperc80.x86_64,1
https://shortlink.st/SbOvLX-z,1
https://booking.com,0
http://allegro.pl-oferta51155749.sbs,1
https://xinhuanet.com,0
https://psicosignificar.psicosignificar.psc.br/EN/china/,1
https://git-scm.com,0
https://atlantadultcare.com/?token=5A1gM9Ww8qbhiPtf,1
https://state.gov,0
https://8329swqz021488hg6hlkk8980020200sl0l.blogspot.com/,1
http://115.48.237.144:46345/bin.sh,1
https://formulario-registro2025.cr-web.workers.dev/usuario?id=QZCTBqfJnGSouazpzt5x&amp;banco=banco-proamerica,1
http://123.188.120.115:57277/i,1
http://110.37.93.178:33365/bin.sh,1
http://222.127.156.114:37970/i,1
http://allegrolokalnie.x789p91528817.sbs,1
http://42.226.68.81:36192/bin.sh,1
http://124.129.223.96:55593/i,1
http://60.19.61.125:45306/i,1
https://yellowusheart.net/?s1=wkb1&email=abuse%40att.net&s3=dewc,1
https://docs.google.com/drawings/d/1lhsaZyWWU69mPqbm4HWnpZq_GjGLXQwCAA8DH2JB4QA/edit,1
https://docs.google.com/drawings/d/1AnyecyYr4JtI4fqr-JYckE0mqCF8tJTmqKBz17ZNUIg/edit,1
https://docs.google.com/drawings/d/1xGT5oz6Qo0wUBPa36pLWnRcBPvWCTzweZoliNo_UXWY/edit,1
https://gazin.planning-lockers.com/,1
http://parking.fine22.top/i/,1
https://vk.com,0
http://42.227.237.169:33790/i,1
https://mitre.org,0
https://oup.com,0
http://156.67.218.149.sslip.io/today/,1
https://did.li/WmpmC,1
http://parking.fine6.top/i/,1
https://app.biaresolvetudo.info,1
https://fr.wikipedia.org,0
https://cgi-34720438.online/zbmt.php,1
https://ancytlq.cn/Login/,1
http://allegrolokalnie.523244.click,1
https://allegrolokalnie.83249234.icu,1
https://pinterest.com,0
http://sage-dusk-77ba3d.netlify.app,1
https://qwccd.tarino.cfd/mmbic,1
https://docs.google.com/drawings/d/1WvzTanZh0cspCIsWmQFijpE2xJmM5N6Jewqe1T3fX6k/edit,1
http://alpenblack.net/mirai.mips,1
https://bookintel.s3.us-west-004.backblazeb2.com/Bookintel.html,1
http://allegrolokalnie.57834766.cfd,1
https://rbfcu-star.azurewebsites.net/(S(11a3j4lmoaginuasbb5u04n1))/Main/Login,1
https://creditosbancovenezuelapersonaass.netlify.app/,1
https://sohu.com,0
http://113.25.106.170:34539/bin.sh,1
https://aboutot.otprrbr.cn/jp,1
https://validator.w3.org,0
https://docs.google.com/drawings/d/1b5b6mQ0IT6s2MqTHmRXwMW4pH_xMCq5bUGqqT03j3tk/edit,1
https://gnu.org,0
https://allegrolokalnie.972529.xyz,1
https://mestraservice.com.br/blobin.html,1
http://igotaxrefund.invoicescollections.com/secure/training/6422c2/8c5781c2-7b1e-4035-b1d7-990e269e5380?test=1,1
https://www.trustwalletauth.app/,1
https://sourceforge.net,0
http://4823bets10.com,1
https://dafvphy.cn/Login,1
http://5.26.195.93:33030/Mozi.m,1
https://ftc.gov,0
http://115.63.203.51:55196/bin.sh,1
http://allegro.pl-oferta91185129.sbs,1
https://rebrand.ly/223512,1
https://hotmallorders.top/index/user/login.html,1
http://222.142.255.128:47706/i,1
https://ptfoqvl.cn/Login/,1
http://115.61.118.159:47071/i,1
http://alpenblack.net/mirai.dbg,1
https://lumoes.cfd/indexco.jp,1
http://117.209.30.192:51814/bin.sh,1
https://allegrolokalnie.pl-74195826913.cfd/oferta/iphone-14-256gb/bfKO7lE8wOTF47KnZv,1
https://tiktok.com,0
https://jamanetwork.com,0
https://hrksystems.com/iox/cp/sec.php?username=redacted@abuse.ionos.com&h=4A0A19343A1B17E533344A0A19218E082A218E082A343A1B17E533344A0A19218E082A343A1B17E5333409AF9D98F0F509AF9D98F0F5,1
https://earlyier.fyoqcs7.cn/jp,1
https://2yusq7ngwdm363cj87v96gs5do-docusignsharepoints.steelheadincs.com/,1
https://shortlink.st/iD2-PQxX,1
https://livejournal.com,0
http://219.155.229.178:46010/bin.sh,1
https://docs.google.com/drawings/d/1wEnk9Z0pp1enBzijili8QhSaNDc2EM5byOcynHru470/edit,1
https://chatgpt.com,0
https://goo.gl,0
https://bellsouth-att-siging-df0fd8.webflow.io/,1
http://41.216.189.163/bins/Labelloperc80.mips,1
http://117.72.56.12/02.08.2022.exe,1
https://docs.google.com/drawings/d/1qiamUTtMQY8bY_V0TaPVEvs7Pb9rWMXXsUMJh0GyCfw/edit,1
https://zimbra-veri03.weebly.com/,1
https://hhs.gov,0
https://docs.google.com/drawings/d/1HAdYVDofCKHLQpB6xKpTI6dEcrhRU868DdvJ2Cs1_wc/edit,1
https://docs.google.com/drawings/d/1fEwrEqAwRK1Ho6pPKNWDt70kJGT83fGCN3S6n8WspeU/edit,1
https://lnkd.in,0
https://berkeley.edu,0
https://soldeimpaye.com/,1
http://alpenblack.net/mirai.arm,1
http://bpkornik.webd.pro/nxlSouC154.bin,1
https://joxaf.cypres.cfd/if07v,1
http://allegrolokalnie.pl-oferta3292729.icu,1
https://lighthearted-sundae-a9b1af.netlify.app/facebook.com-1027275509.html/,1
http://115.61.117.196:35446/bin.sh,1
https://understandingnewgraded.weebly.com/,1
https://dropcatch.com,0
http://178.16.55.189/files/7782139129/D6QwAZX.exe,1
https://mailattservice-101308.weeblysite.com/,1
https://loc.gov,0
https://uk.com,0
https://npr.org,0
https://n4.home.fedricfamily.com/cgi-bin/home.ha,1
https://docs.google.com/document/d/1uUJHTIp40uqawRo0MOelAizKA3AskpuvHtI_g2Ekciw/edit,1
http://54.160.193.50/bins/mirai.arm,1
https://docs.google.com/drawings/d/1V_bmAk4xJS33dbxKNQuiKWp2_S58cC9KM5AcpBuKlt0/edit,1
https://themeforest.net,0
https://new.express.adobe.com/webpage/9OuYAtlagBomW,1
http://42.55.29.3:53763/i,1
https://5432ehg.icu/x1w2ffby/bhBjtA/WhNXaD,1
https://paxosi.qpon/,1
https://ravelo.cfd/indexco.jp,1
http://123.210.141.238:85/sshd,1
https://petitetapette.planning-lockers.com/as.php,1
https://mashable.com,0
http://allegro.pl-oferta7883453.icu,1
https://openstreetmap.org,0
http://www.couchepubli.com/medpro_groupchat/,1
https://cbc.ca,0
https://parcel-transit-pack.com/,1
https://aruba0managehosting.blob.core.windows.net/webmail/index.html,1
https://docs.google.com/drawings/d/1vGk6uuI_BIWg55s7gx22knaK1saUzAPWhbVeX7qE0uQ/edit,1
https://exodus-ten-five-sigma-dfasf-98457-343564-goa.vercel.app,1
https://docs.google.com/drawings/d/146qEoZ5YxjVE9gF5ohdUzgh47qVacDrpIEh_tA3CqH8/edit,1
https://docs.google.com/drawings/d/13IRDj7TkaysDV23Z9L2ftlwbQCvt-_zmgT1vz_SZKtc/edit,1
http://41.216.189.163/bins/Labelloperc80.i686,1
https://allegrolokalnie.pl-458583.pl/oferta/kierownica-logitech-g923-shifter/76300,1
http://b45070.com/poker,1
https://www.sms-impayevinci.com/,1
http://39.86.77.166:48562/bin.sh,1
http://app.mr-leader.com/sites/default/files/index_she_encry.html#a29qaW5AcGxhbGEub3IuanA=,1
https://googleapis.com,0
https://docs.google.com/drawings/d/14v7luL-cGqg5ZPODOK3Ek2ay_2mS7uxPZzquMye_b34/edit,1
http://im.nbpublic.com/loading_page/paypal/paypal_cf_5,1
https://allegro.pl-oferta31578759.sbs,1
https://docs.google.com/drawings/d/1zQEHvj0SnlBs3aBGgsALE5RSet_rQlf72_EAfW2niJQ/edit,1
http://115.48.161.254:57676/i,1
https://daxiangyouxi.com/?token=7cCR1vm6UGs3SakC,1
https://admin.media-cooperation-center.com/9914/,1
https://or.kr,0
http://91.92.243.183/slovsdih/mips,1
https://roblox.com.ge/communities/8038830015/,1
https://x.com,0
https://ktsgyad.cn/Login,1
http://178.16.55.189/files/8352719041/kR9sBV6.exe,1
https://robloxy.com.es/games/16146832113/9-0-Anime-Vanguards?privateServerLinkCode=55688059124214164010685277129552,1
https://theconversation.com,0
http://110.37.43.200:33965/i,1
https://usvichlw.jp%2Fubwpxbrxn%2Fxxwsojmlow%2Fvrgydzla%2Fpdeydn%2Flfyqtmlcs%2FMyVBHgaBE%2FJGXOAR@sunshi.me,1
https://g.page,0
https://accounts.google.com,0
https://arxiv.org,0
https://vimeo.com,0
https://f1e2qh.top/n1/h1/a2/jp/coi,1
http://110.37.11.215:54862/bin.sh,1
https://pl-domena.mennoaben.nl/yqojYsB4ex5t9mVjxx9geFgdVXxaGbBExd0kbLjVbrtXMJGEIeSyyo95wOG3KIyeQSBzxN2EKTPCztRg,1
https://b45042.com/poker/216,1
https://docs.google.com/drawings/d/1__5Pk1yVXyVf0WqbnWVS5eWXR4eqKtaLKLKX31a0gbU/edit,1
http://221.13.150.124:44813/bin.sh,1
https://globenewswire.com,0
https://docs.google.com/document/d/1NUjr3_gYYKVom3_JOXfxl6I_gSUk6yR825X4lgX8VD0,1
https://yelp.com,0
https://lighthearted-sundae-a9b1af.netlify.app/facebook.com-1027275509,1
http://allegrolokalnie.pl-kategorie748196488251.cfd,1
https://frontfaction.wyojbpp.cn/jp,1
https://open.spotify.com,0
http://113.238.68.162:36942/bin.sh,1
https://umich.edu,0
https://9ej64ge.icu/x1w2ffby/bhBjtA/WhNXaD,1
https://docs.google.com/drawings/d/1t5R7Iu19SrWW3M9x_mJ0QBpJiTW74ifiNvEVN-acHlg/edit,1
https://pre-casting.com/jp/mvbckkfkbj/33,1
https://dropbox.com,0
https://docs.google.com/drawings/d/169ouXeQYEk1Ex-fiPQVG4CqawP7RMIOZddgpssr6Fj0/edit,1
https://1n8ost.f7aufr.bond/i/e03j6/1765205229659#selectedbank2&LOADS,1
http://222.138.151.183:53082/bin.sh,1
http://113.237.33.105:45463/i,1
https://jack.quirk-paste.ru/rx86og74,1
https://dappfix-mainnet.pages.dev/0.730454681609271/wallet.html/,1
http://115.63.178.12:55802/i,1
http://117.204.166.58:54829/i,1
https://opkjzsl.cn/Login/,1
https://t4z.tinkerstep.ru/62zfmyeq,1
https://fromtop.pages.dev/3210admin/phpinfo.php/,1
https://walmart.com,0
http://91.92.243.183/goth.sh,1
https://microsoft.com,0
https://aol.com,0
https://ress.pt/it/,1
https://cabinetdivisionpakgov.org/download/fetch/list13/37534/view/b2ab62a5-d4f9-42c7-ab98-96299e773a03,1
http://xnczwaidux.lovestoblog.com/arquivo_20251208201812.txt,1
http://150.158.41.200:39975/02.08.2022.exe,1
https://xpezfdr.top/jp/,1
https://package-notice.com/,1
https://0gays.siickhorn.ru/0fipumnu,1
https://pub-45eda9471d39475693ddc4e6707f2cfb.r2.dev/index.html,1
https://allegrolokalnie.pl-smart75654.sbs/oferta/Xbox-Series-X-+-kierownica-Ferrari-+-akcesoria/052925774,1
https://rnondial-relay-fr.com/,1
https://did.li/-mizrahitefahot-com,1
https://nature.com,0
https://docs.google.com/drawings/d/15CRsAA4nUKz23B8Zy9VAo2b1b4VysVaA1mEa3z_0YUA/edit,1
https://udyic.b-cdn.net/all1.html?eta=3mail@a.b.c0,1
http://182.127.38.6:60029/bin.sh,1
https://santander.es-lineasegura.com/,1
http://185.163.204.28:5570/PhSep30zip/PhSep30Starqq.zip,1
https://badge-center.com/pages/info.php,1
http://irriscape.com.au/wp-content/upgrade/www.sv.webmail.jp/user.account/?uid=@,1
https://docs.google.com/drawings/d/1T8h6aMOLZSucWdk6VAMUBSbv1GNn5XvJBlhnredGVmI/edit,1
https://support.microsoft.com,0
https://docs.google.com/drawings/d/1_OsVWV8xGt6Tc9LiNSfSlg599AUgOVjxDEmdQ9WxNLc/edit,1
https://stackexchange.com,0
https://stelyx.starl1ght.ru/mc0svnbc,1
https://impayevinci-sms.com/app,1
https://sp181607.sitebeat.crazydomains.com/,1
https://lngresarbhd.webcindario.com/,1
https://ipfs.io/ipfs/bafkreifbajvdoef6oeg45b7v6pnfisntuh3lolhvvm25dtbau2nzdowfby,1
http://b45077.com/egame/185,1
https://smidc.net/co.jp,1
https://bmj.com,0
https://hanumanji.techuptechnologies.in/plala/Sites/index.html,1
https://lamainteractives.com/QTeuUe,1
http://allegrolokalnie.pl-731260.sbs,1
https://google.de,0
https://glaron.starl1ght.ru/ujm6ecnh,1
https://docs.google.com/forms/d/e/1FAIpQLSf8HCpHWY4A-lewU-z7a_-PbxLw69JbEs7n0KpL0iRqbn_nVA/viewform,1
https://plos.org,0
http://222.137.12.195:58025/i,1
https://bp.blogspot.com,0
https://roblox.com.ge/users/3492633878/profile,1
https://postgresql.org,0
https://usnews.com,0
https://fandom.com,0
http://raiffasenb.ru/mirai.arm64,1
https://fao.org,0
https://creates.cfd/indexco.jp,1
https://squarespace.com,0
http://123.13.35.218:45706/bin.sh,1
http://srv244611.hoster-test.ru/abcpec/der/der/index.html,1
https://b45038.com/,1
https://allegrolokalnie.pl-smart059867.cfd/oferta/44856132/kierownica-logitech-g29-shifter,1
https://allegrolokalnie.0d72hs183nhs72jd782jd.sbs,1
http://54.160.193.50/bins/mirai.gnueabihf,1
http://54.160.193.50/bins/miraint.mpsl,1
https://package-notice.com/index.php,1
http://39.97.47.45:6666/02.08.2022.exe,1
https://docs.google.com/drawings/d/1E9epaGBFbCRQYHoch4yoVlJWveEd8XuV-_DFfhDWjxM/edit,1
https://samsung.com,0
https://go.com,0
https://smartresolution.pages.dev/pages/pages/select-wallet.html/,1
https://elpais.com,0
http://54.160.193.50/bins/miraint.sh4,1
https://fghrkgas6s.lat/dilmkaz7/qyNSug/kteOwy,1
http://120.56.5.121:51232/i,1
http://54.160.193.50/bins/mirai.mpsl,1
https://docs.google.com/drawings/d/1S0yYC5Hf_yvQQ2VHq0MY6OESJtuHkj1gmAfw-_VJ6J4/edit,1
https://almabroorhajj.com/aok,1
https://it.com,0
https://ted.com,0
https://valepgb.ytxc-lzd.wtf/,1
https://afn.com.ar/plala.logo/login2.php,1
https://business.safety.google,0
https://nationalgeographic.com,0
http://allegrolokalnie.1923098.xyz,1
https://doi.org,0
https://docs.google.com/drawings/d/14lWA01ssOEEgGrrKUegqUXzH_kMoMMx2RTFEuEG78ik/edit,1
https://exquisite-tarsier-1999f4.netlify.app/rs_tl.html,1
http://125.44.54.79:37722/bin.sh,1
http://allegrolokalnie.832142.cfd,1
https://tahnwj.com/lk,1
http://185.163.204.28:5570/PhSep30zip/Sep01x86_Ayoo.zip,1
https://sun.com,0
https://roblox.com.py/communities/1715153023/,1
https://engadget.com,0
https://venturo.life/,1
https://lqukvjy.cn/Login,1
https://sms-reglementsanef.com/,1
https://dizzy.quirkpaste.ru/tt8w7oly,1
http://60.23.234.12:52576/bin.sh,1
http://allegrolokalnie.pl-oferta-7940917288.shop/,1
http://39.73.73.129:52799/bin.sh,1
https://unsplash.com,0
https://www.kcsyyhqz.jp%E2%88%95wzeeuioih@djmwvjd.cn/,1
https://docs.google.com/drawings/d/1KRlppBZtsazJ5zoz6vAB7yTCOPaA7AK1_IExPC_WgEo/edit,1
https://thehellplisuippostmanaga-ccemteraoutroompageidiae.sbs/,1
https://docs.google.com/drawings/d/1zkWHx8tOT5Ps1evIzdTQ_MUP-HjsM_MN-RfLUafJ7CU/edit,1
http://allegro-lokalnie.pl-oferta322352532.icu/oferta/nintendo-switch-2-+-gra-/-fabrycznie-nowe/MI2G53bo13NnfggEBBBI5NGkHImoM2,1
http://allegrolokalnie.381d82hd62nnhd8.sbs,1
https://hinbox43sks.weeblysite.com/,1
https://iso.org,0
https://cmdgh.cypres.cfd/gatway/check.php?r=,1
http://parking.fine8.top/i/,1
http://110.39.237.16:60541/i,1
https://reglement-sanefpeages.com/as.php,1
https://93vgwg.icu/x1w2ffby/bhBjtA/WhNXaD,1
https://t.co/FsWB4GVmzN,1
https://bbc.co.uk,0
https://eomukmf.cn/Login/,1
http://cd264336.tw1.ru/SG%20(7)/SG/SG/,1
https://dalmasso.com.ar/nimo_pesk/SS/corr/corr.php,1
http://39.87.78.74:39977/i,1
http://raiffasenb.com/mirai.mips,1
http://allegrolokalnie.pl-oferta84392.cfd,1
http://91.92.243.183/slovsdih/sparc,1
https://godaddy.com,0
https://topquangcaohieuqua.vip/download/HITCLUB-241121.apk,1
https://platform.8capgroup.com,1
https://telegra.ph,0
https://www.robiox.com.py/users/101856615858/profile,1
https://docs.google.com/drawings/d/1TmKdusVyrmnI-akqMWiiludGbhUjENKIjbD8AUPh66o/edit,1
http://118.120.174.75:49549/bin.sh,1
http://allegrolokalnie.pl-8376252552526262772r72626526267191.icu,1
https://facebook.com,0
https://global-c--u-vri-fica-tion.weebly.com/,1
http://allegrolokalnie.98364.me,1
https://rbfcu-star.azurewebsites.net/(S(hwk0bimbubemaoivx2n2rnm4))/Main/Login,1
https://mutamaskcrmextn.gitbook.io/us/,1
http://167.99.126.188/001010101010010110101011101010101101010111010101/nwfaiehg4ewijfgriehgirehaughrarg.i468,1
https://laparie.auto-fr-paiement.com/as.php,1
https://latimes.com,0
https://convitecenturionbradescard.com/,1
https://kickstarter.com,0
https://yojaryou.sa.com/Leumi/,1
http://196.190.1.39:38878/i,1
http://213.209.143.176/x86,1
https://www.mrelay.infos-fr.com/,1
http://coin.volcanovip.cc/Index/index/Lang/en-us,1
https://didoron.com.ar/cdkm/markez/?20252025teamitalie,1
https://did.li/0H9aa,1
https://xysyfqx.cn/Login,1
http://27.207.242.225:42666/bin.sh,1
https://bbc.com,0
https://itunes.apple.com,0
https://did.li/SwGx5,1
https://ikea.com,0
http://srv244376.hoster-test.ru/-/bre/,1
https://docs.google.com/drawings/d/15jjAOOmlhPjwP2l6rZ1frnkK9hc-8sMNlW2BYBDSR6E/edit,1
http://5.164.162.123:43177/i,1
https://samuelsuccess7370.github.io/netflix-phishing-test/,1
http://raiffasenb.com/mirai.dbg,1
https://expireddomains.com,0
https://yjcsro738.icu/dilmkaz7/qyNSug/kteOwy,1
https://gravatar.com,0
http://104.168.0.133/J/romo.ps1,1
https://allegrolokalnie.ajjfo4fdaj3a.sbs,1
http://221.13.150.124:44813/i,1
http://bpkornik.webd.pro/Dactyl.u32,1
http://allegrolokalnie.pl-oferta9034302-ipad-pro-13-m4-wifi-cellular.sbs,1
https://docs.google.com/drawings/d/1pKDnoKTSflA_94_JhCHAB5fHmDaJsUPqwCNZttn6yLU/edit,1
https://u-k-parking72.top/i,1
https://zuapebr.cn/Login/,1
http://59.182.77.83:43291/bin.sh,1
http://38.55.199.104:8080/02.08.2022.exe,1
https://tarvel.starl1ght.ru/njnnf0fo,1
https://gxblwvr.cn/Login,1
http://123.14.73.41:39061/bin.sh,1
https://www.impayepeage.com/,1
https://mon-point-relais.com/index.php,1
http://1.181.227.38:58723/i,1
http://120.28.164.12:49389/bin.sh,1
https://biomedcentral.com,0
https://docs.google.com/drawings/d/1PAg2PYOPiLRYC-CNAiAYk_SMBy1c3W6tq_jc7E7yP14/edit,1
https://fda.gov,0
http://111.228.40.85:8099/02.08.2022.exe,1
http://telstraverificatoionservicesofcommunication.framer.website/,1
https://apple.com,0
https://google.com,0
https://wrongfic.zn7jhec.cn/jp,1
https://roblox.com.ge/games/15087497266/AI-Watch-TV-with-neko?privateServerLinkCode=32174427605791039836247562202432,1
https://mit.edu,0
https://secureapgfcui.weebly.com/,1
http://196.189.98.77:60145/bin.sh,1
https://whatsapp.com,0
http://vvwvv---roblox.com/share?code=5089b7fae328c4a781fc15a0a0a43991&type=Server,1
http://219.154.173.11:34495/i,1
http://site-ct2vreyk3.godaddysites.com/,1
https://beian.gov.cn,0
https://comjuso.com/?token=W7SmLFj97AJqhGvi,1
https://nurtured-version-461332.framer.app/,1
http://178.16.55.189/files/8036065901/TmcC4Zi.exe,1
https://canva.com,0
https://wordpress.org,0
https://thecodeofrohan.github.io/Netflix-Site-Clone-by-Rohan-/,1
https://aruba0managehosting.blob.core.windows.net/webmail/webm.html,1
http://dbs-singapore-token-activation.cloud-ip.cc/active/index.html,1
https://holden.sms-pickupclients.com/as.php,1
https://github.com,0
http://182.122.253.54:50916/bin.sh,1
http://123.10.179.168:49547/bin.sh,1
https://my-jaccs.asiabook.top/,1
https://adservice.google.com/ddm/clk/424929466;226923624;r;gclid=;?//flowcode.com/p/e8OCgv1TAu?fc=0,1
http://123.5.13.42:37239/i,1
https://wrightpattcuaccesssite.weebly.com/,1
http://61.52.58.180:51304/i,1
https://frontiersin.org,0
http://ellison.st/x86,1
http://allegrolokalne.plsd2bgflstxlas41gk.icu,1
https://t.me,0
http://110.37.48.58:43605/bin.sh,1
https://ibm.com,0
https://go.ly/www-roblox-com-users-273781335695-profile,1
http://allegrolokalnie.plsd2bgflstxlas41gk.icu,1
https://7hwtwrf.lat/x1w2ffby/bhBjtA/WhNXaD,1
https://sciencedaily.com,0
https://svxhfzf.top/jp/,1
https://juno-update-24c16f.webflow.io/,1
https://msn.com,0
http://59.180.191.147:55519/i,1
http://86.150.68.204:82/sshd,1
http://123.13.35.218:45706/i,1
http://123.12.21.131:42060/i,1
http://185.163.204.28:5570/Sep01wsf/yabaq.wsf,1
https://www.roblox.com.ml/users/2643737432/profile,1
https://xsibwwj.cn/Login/,1
https://www.skynetsystemsugx.com/app,1
http://219.155.124.185:59248/i,1
https://jumply.sa.com/Leumi/,1
https://lieferungterminieren.info/unsupported,1
https://hubspot.com,0
https://translate.google.com,0
https://docs.google.com/drawings/d/1_zhEIUjYZAEoljEflJG7mIZ8s2FMmBCQnefZQyS8oQk/edit,1
https://docs.google.com/drawings/d/1VCixmkj3RtQjSvaxi2k8_bhakkPLSMf7kvK-Pg-FyRc/edit,1
https://cambridge.org,0
https://docs.google.com/drawings/d/1iGQ-Y7Wzfo5a525IsdwGBgdBsj8RvBgOkzp7Y93ALww/edit,1
http://allegro.98364.me,1
http://222.137.24.121:48363/i,1
https://trezosiofsatrt.webflow.io/,1
https://rex-technolagie.com/arquivo_20251209004659.txt,1
https://allmu.tarino.cfd/rjgtb,1
http://allegrolokalnie.k34oqkwe.sbs,1
https://bellsouth-att-sign-in-d5fd3c.webflow.io/,1
http://222.136.108.13:39926/i,1
https://mailserviceatt.makeweb.co/,1
https://docs.google.com/drawings/d/1P1Eh2mzeP0KKmH1rsL82lvH-dpxLO0AXUdkxNIgDrgk/edit,1
https://mon-crenau-relay-2025.com/,1
https://peljyjq.cn/Login,1
https://logiin--metsa-autho.webflow.io/,1
http://raiffasenb.ru/mirai.dbg,1
http://125.44.54.79:37722/i,1
https://reglement-sanefpeages.com/,1
https://surveymonkey.com,0
https://metmskckomextisoen.gitbook.io/us/,1
https://qq.com,0
https://dw.com,0
https://www.systeme-programmation-packet.info/,1
https://rbfcu-star.azurewebsites.net/(S(cgjyrzdupu2kcd4aorpzydei))/Main/Login,1
http://41.216.189.163/bins/Labelloperc80.m68k,1
https://allegro.82673020.pl/cdn-cgi/phish-bypass?atok=dPRVgNIM8E6eXps5j0wuJzuge240IEqcduF95k7Or.Q-1763340627.6790001-0.0.1.1-%2F&amp;original_path=%2F&amp;cf-turnstile-response=,1
https://docs.google.com/drawings/d/1bAMZSIlydshEKwsTWW7wpwbWuj4jfzFzkrE8Fd1CJoU/edit,1
https://apa.org,0
https://docs.google.com/drawings/d/1Na67GELcjkSV-cSmxXw4bOyTB-objR-oL7sxQmnb3nQ/edit,1
https://g.co,0
http://www.assistance-amelienligne.com/,1
http://42.231.92.213:49055/bin.sh,1
https://olx-otrzym.cfd/o/qpp4h/1765272322020#selectedbank9,1
https://clientpickup-fr.com/,1
http://45.153.34.209/bins/mips,1
https://xfinityverif.vercel.app/,1
https://www.lucrenasho.com/,1
https://fioroni.clientspickup-sms.com/,1
http://allegrolokalnie.78128.me,1
https://academia.edu,0
http://178.16.55.189/files/2085577942/3I0hkk9.exe,1
https://logistique-colis.info/captcha,1
http://110.37.39.129:48547/i,1
http://41.216.189.163/bins/debug,1
https://maps.app.goo.gl,0
https://allaboutcookies.org,0
http://118.120.174.75:49549/i,1
https://trexurwzlts.webflow.io/,1
https://wikipedia.org,0
http://59.97.253.117:48464/i,1
https://docs.google.com/drawings/d/1sOLpZXZ9b-fGg6IEMbm7CLX4050eUQh6wwHnyTCG3ow/edit,1
https://italia-brt-it.xyz/?token=dDkODkNT,1
https://ulyspeage-co.com/,1
https://trezordevicesupport.com/captcha/,1
https://roblox.com.ml/communities/8987150252/,1
https://bund.de,0
https://daft-uphold-protal.daftpage.com/,1
https://jigsaw.w3.org,0
https://nivas111.github.io/netflix-page/,1
https://polonyauniversiteleri.com.tr/ashanka/BWrwLMco252.bin,1
https://brave-predict-138690.framer.app/,1
https://docs.google.com/drawings/d/1kMGqvRe7As75BSpTGfo2m3S7nuLXDyllMtRcAnTlS_k/edit,1
http://111.228.40.85:9981/02.08.2022.exe,1
https://bafkreiehjatmkhv5y2zkeaj2idmdb5w5mhl6mljeo34tmuhgam2vjzh6ya.ipfs.dweb.link/,1
https://typepad.com,0
https://moccasin-goal-276358.framer.app/,1
https://mp.weixin.qq.com,0
https://github.io,0
https://093421tr.weebly.com/,1
https://cisco.com,0
https://qr-codes.io/38046F,1
http://221.215.247.164:58483/bin.sh,1
http://etthereumwaltit.webflow.io,1
http://110.37.71.174:38756/bin.sh,1
https://thelancet.com,0
https://theverge.com,0
https://hub-metamasklogin.framer.media/,1
https://rbfcu-star.azurewebsites.net/(S(pdupxsw3plwvtl5abt4sp5r0))/Main/Login,1
https://sms-pickupclient.com/as.php,1
https://rbfcu-star.azurewebsites.net/(S(lmut0o0pwdh2rfcze30dtxc4))/Main/Login,1
https://firstcitizens-org.weebly.com/,1
https://imaginariumofvancouver.com/wp-admin/js/widgets/st6/6,1
https://hit.club/CRICFy_v5.2.apk,1
https://yidlvyv.cn/Login/,1
http://110.38.222.159:55731/i,1
http://110.37.1.254:53067/bin.sh,1
https://maketion.fft1m2s.cn/jp,1
https://ember.con8ratgr2de.ru/wmh21jlj,1
https://docs.google.com/drawings/d/1FpVfie7oCS94fNMz1EC94G3HfUqVyPFs1tkThZq9cnQ/edit,1
https://thajskemasaze-thailanna.sk/wp-content/jztlkd/serijq/home/virtual/rosyorange/www/tls/xd/zd/clients/login.php,1
