url_length,domain_length,subdomain_count,has_https,has_suspicious_tokens,special_char_count,digit_count,path_length,label
29,20,1,1,0,1,0,1,phishing
41,33,1,0,0,3,0,1,phishing
44,19,0,1,0,1,4,17,phishing
29,21,1,0,0,0,0,1,phishing
29,20,1,1,0,1,0,1,phishing
38,30,1,0,1,1,0,1,phishing
94,43,1,1,0,1,47,11,phishing
32,14,0,0,0,0,0,11,phishing
27,15,0,0,0,0,0,5,phishing
94,43,1,1,0,1,47,11,phishing
94,43,1,1,0,1,41,11,phishing
46,23,1,0,0,3,1,16,phishing
50,27,1,1,1,2,0,15,phishing
40,32,1,0,0,3,0,1,phishing
27,19,2,0,0,0,0,1,phishing
47,39,1,0,0,5,0,1,phishing
42,34,1,0,0,3,0,1,phishing
41,33,1,0,0,3,0,1,phishing
31,16,1,0,0,0,3,8,phishing
50,22,1,1,0,0,0,20,phishing
48,22,1,0,0,0,0,19,phishing
40,32,1,0,0,3,0,1,phishing
23,15,0,0,0,0,0,1,phishing
31,11,0,0,0,0,3,13,phishing
52,32,1,1,1,1,14,12,phishing
38,17,1,0,0,1,1,14,phishing
43,22,1,1,0,0,2,13,phishing
46,38,1,0,1,4,0,1,phishing
42,34,1,0,0,3,0,1,phishing
32,24,1,0,1,1,0,1,phishing
24,15,1,1,0,0,0,1,phishing
70,42,1,1,0,5,0,20,phishing
44,25,1,0,0,4,0,12,phishing
42,19,1,1,1,2,0,15,phishing
43,22,1,1,0,1,4,13,phishing
61,43,1,0,0,1,25,11,phishing
30,22,1,0,0,0,0,1,phishing
50,42,1,0,1,4,0,1,phishing
30,22,1,0,0,0,0,1,phishing
58,20,1,1,0,0,0,30,phishing
56,30,3,0,0,0,6,19,phishing
41,20,1,1,0,2,0,13,phishing
19,10,0,1,0,0,2,1,phishing
45,13,1,1,0,0,10,24,phishing
95,17,1,1,0,7,11,57,phishing
36,28,2,0,0,2,3,1,phishing
27,18,0,1,0,1,2,1,phishing
51,17,2,1,0,0,10,26,phishing
42,23,4,0,0,0,11,12,phishing
52,43,1,1,0,0,0,1,phishing
46,23,1,0,0,2,0,16,phishing
47,13,1,1,0,0,10,26,phishing
40,32,1,0,0,2,0,1,phishing
61,53,1,0,0,3,4,1,phishing
40,32,1,0,0,3,0,1,phishing
41,33,1,0,0,0,3,1,phishing
31,23,1,0,0,0,1,1,phishing
52,19,0,1,0,3,0,25,phishing
34,17,1,1,0,0,1,9,phishing
40,16,1,1,0,0,1,16,phishing
51,16,0,0,0,1,0,28,phishing
49,41,1,0,1,4,0,1,phishing
26,14,0,1,0,0,1,1,phishing
30,22,1,0,0,0,0,1,phishing
41,14,0,1,0,0,0,19,phishing
33,25,2,0,0,1,5,1,phishing
43,35,1,0,0,2,0,1,phishing
23,15,1,0,0,0,0,1,phishing
31,23,1,0,1,0,0,1,phishing
52,33,1,1,0,0,4,11,phishing
35,27,1,0,1,0,0,1,phishing
37,28,1,1,1,3,0,1,phishing
40,21,0,1,0,1,12,11,phishing
33,25,1,0,1,2,0,1,phishing
77,68,1,1,0,0,0,1,phishing
45,37,2,0,0,1,0,1,phishing
38,19,1,0,1,1,0,12,phishing
88,14,0,1,0,4,29,66,phishing
42,34,2,0,1,0,0,1,phishing
31,23,2,0,0,0,5,1,phishing
67,33,0,0,0,4,10,27,phishing
51,17,0,0,1,1,10,6,phishing
71,33,1,1,0,2,20,30,phishing
22,14,1,0,0,0,5,1,phishing
103,43,1,0,0,1,21,53,phishing
76,28,1,0,1,1,4,41,phishing
78,28,1,1,1,1,0,42,phishing
78,28,1,1,1,1,3,42,phishing
78,28,1,1,1,1,8,42,phishing
76,28,1,0,1,1,4,41,phishing
78,28,1,1,1,1,4,42,phishing
78,28,1,1,1,1,4,42,phishing
97,27,1,0,0,6,24,26,phishing
101,27,1,0,1,4,30,60,phishing
84,14,0,0,0,6,24,26,phishing
81,14,0,0,1,4,29,60,phishing
38,19,1,1,0,0,2,11,phishing
76,28,1,0,1,1,4,41,phishing
42,34,1,0,0,3,0,1,phishing
38,21,1,1,0,0,0,9,phishing
38,30,1,0,1,0,0,1,phishing
31,23,1,0,0,0,0,1,phishing
869,47,1,1,1,30,165,29,phishing
64,47,1,1,1,0,24,9,phishing
32,24,1,0,1,0,0,1,phishing
38,30,1,0,0,2,0,1,phishing
76,28,1,0,1,1,4,41,phishing
148,27,1,1,1,0,20,113,phishing
45,13,1,1,0,0,10,24,phishing
23,15,1,0,0,1,0,1,phishing
125,7,0,1,0,6,11,110,phishing
65,13,1,0,0,2,10,45,phishing
78,28,1,1,1,1,2,42,phishing
66,17,2,1,0,2,10,41,phishing
63,24,1,0,0,0,0,32,phishing
28,20,1,0,1,1,0,1,phishing
46,17,0,0,0,1,9,22,phishing
56,48,1,0,0,0,0,1,phishing
47,25,1,0,0,1,3,15,phishing
78,28,1,1,1,1,5,42,phishing
78,28,1,1,1,1,2,42,phishing
45,14,1,1,0,0,0,23,phishing
85,7,0,1,0,0,8,65,phishing
143,27,1,1,0,0,24,108,phishing
31,23,1,0,0,2,0,1,phishing
20,12,0,0,0,1,0,1,phishing
24,12,0,1,0,0,1,4,phishing
42,18,1,0,0,1,0,17,phishing
57,28,1,1,0,1,0,21,phishing
55,28,1,0,0,1,0,20,phishing
78,28,1,1,1,1,3,42,phishing
19,10,0,1,0,0,4,1,phishing
78,28,1,1,1,1,3,42,phishing
49,16,2,1,1,0,0,25,phishing
30,21,0,1,0,0,0,1,phishing
39,12,0,1,0,1,0,19,phishing
53,25,1,0,0,3,0,21,phishing
50,17,2,1,0,0,10,25,phishing
40,31,1,1,0,3,0,1,phishing
50,24,1,1,0,3,7,18,phishing
33,22,1,0,0,0,0,4,phishing
36,28,2,0,0,0,1,1,phishing
38,14,0,0,1,0,0,17,phishing
24,16,1,0,0,0,5,1,phishing
28,20,2,0,0,0,5,1,phishing
45,13,1,1,0,0,10,24,phishing
82,74,2,0,0,0,6,1,phishing
147,27,1,1,0,1,25,112,phishing
39,9,0,1,0,0,0,13,phishing
36,28,1,0,0,2,3,1,phishing
38,9,0,0,0,0,9,22,phishing
41,33,1,0,0,1,0,1,phishing
80,7,0,1,0,0,12,65,phishing
29,12,0,1,0,1,2,9,phishing
80,7,0,1,0,0,8,65,phishing
43,35,1,0,0,3,0,1,phishing
44,36,1,0,0,3,1,1,phishing
97,7,0,1,0,0,9,65,phishing
97,7,0,1,0,0,12,65,phishing
21,6,0,0,0,0,1,8,phishing
45,13,1,1,0,0,10,24,phishing
92,54,1,1,0,2,28,30,phishing
47,26,1,0,0,1,0,14,phishing
52,44,1,0,1,3,0,1,phishing
29,21,1,0,0,2,0,1,phishing
43,35,2,0,0,1,0,1,phishing
40,21,0,1,0,1,12,11,phishing
40,21,0,1,0,1,12,11,phishing
40,21,0,1,0,1,12,11,phishing
48,20,0,1,0,0,2,20,phishing
40,32,1,0,1,1,0,1,phishing
68,30,1,1,0,2,21,30,phishing
41,12,1,1,0,0,0,21,phishing
46,38,1,0,0,1,0,1,phishing
78,28,1,1,1,1,4,42,phishing
78,28,1,1,1,1,7,42,phishing
78,28,1,1,1,1,5,42,phishing
78,28,1,1,1,1,8,42,phishing
46,13,1,1,0,0,10,25,phishing
76,28,1,0,1,1,4,41,phishing
78,28,1,1,1,1,2,42,phishing
78,28,1,1,1,1,5,42,phishing
78,28,1,1,1,1,4,42,phishing
78,28,1,1,1,1,1,42,phishing
76,28,1,0,1,1,5,41,phishing
76,28,1,0,1,1,5,41,phishing
78,28,1,1,1,1,3,42,phishing
48,23,1,1,0,1,3,17,phishing
78,28,1,1,1,1,5,42,phishing
46,25,1,1,0,2,0,13,phishing
37,22,1,1,0,1,0,7,phishing
29,12,0,1,0,1,0,9,phishing
67,18,1,0,0,5,25,42,phishing
53,16,1,1,1,0,0,29,phishing
42,11,0,1,1,0,0,23,phishing
29,20,1,1,0,0,0,1,phishing
151,27,1,1,1,0,29,116,phishing
39,31,2,0,0,0,0,1,phishing
56,17,2,1,0,0,9,31,phishing
57,14,0,1,0,2,0,35,phishing
38,8,0,1,0,0,0,22,phishing
52,17,2,1,0,0,12,27,phishing
91,21,1,0,1,6,24,26,phishing
91,21,1,0,1,6,24,63,phishing
132,9,0,1,0,7,46,60,phishing
45,13,1,1,0,0,9,24,phishing
24,16,1,0,0,1,0,1,phishing
32,19,1,1,0,1,0,5,phishing
28,10,0,1,0,0,8,10,phishing
47,33,1,1,0,3,0,6,phishing
33,12,0,0,0,0,5,14,phishing
46,12,0,0,0,1,5,27,phishing
30,10,0,1,0,0,8,12,phishing
29,10,0,1,0,0,7,11,phishing
28,10,0,1,0,0,8,10,phishing
26,10,0,1,0,0,5,8,phishing
28,10,0,1,0,0,8,10,phishing
27,10,0,1,0,0,8,9,phishing
24,10,0,1,0,0,5,6,phishing
33,24,0,1,0,0,0,1,phishing
27,10,0,1,0,0,7,9,phishing
72,34,1,1,0,2,4,13,phishing
24,16,1,0,0,0,0,1,phishing
46,37,1,1,0,3,0,1,phishing
42,33,1,1,0,3,0,1,phishing
33,25,2,0,0,0,2,1,phishing
38,16,1,1,0,0,6,12,phishing
89,43,1,1,0,3,29,13,phishing
29,21,1,0,0,1,5,1,phishing
32,24,1,0,0,2,3,1,phishing
31,23,1,0,0,2,3,1,phishing
39,30,1,1,0,3,0,1,phishing
49,16,1,1,0,0,7,25,phishing
79,15,0,1,0,6,13,41,phishing
39,20,1,0,0,0,9,12,phishing
18,4,0,0,0,0,0,7,phishing
29,21,1,0,0,0,0,1,phishing
33,25,1,0,1,1,0,1,phishing
106,21,1,0,0,1,6,78,phishing
27,18,0,1,0,0,0,1,phishing
47,5,0,1,0,4,8,34,phishing
43,35,1,0,0,2,0,1,phishing
23,15,0,0,0,0,0,1,phishing
46,14,1,1,0,0,9,24,phishing
37,28,1,1,0,2,0,1,phishing
63,13,1,0,0,1,9,43,phishing
95,25,1,0,0,6,24,26,phishing
95,25,1,0,0,6,24,63,phishing
29,12,0,1,0,1,0,9,phishing
28,15,0,0,0,1,0,6,phishing
51,17,2,1,0,0,10,26,phishing
48,17,2,0,0,0,10,24,phishing
116,13,1,1,0,4,44,40,phishing
108,38,1,0,0,6,24,26,phishing
108,38,1,0,0,6,24,63,phishing
47,26,1,1,0,1,1,13,phishing
33,25,0,0,0,1,0,1,phishing
35,26,1,1,0,1,0,1,phishing
62,40,2,1,0,0,2,14,phishing
90,40,2,1,1,0,2,22,phishing
20,11,1,1,0,0,0,1,phishing
49,16,1,1,0,0,0,25,phishing
60,16,1,1,0,0,0,36,phishing
58,16,1,1,0,0,0,34,phishing
65,23,2,1,1,1,0,34,phishing
37,17,0,1,0,1,2,12,phishing
64,14,0,1,0,0,24,42,phishing
45,13,1,1,0,0,10,24,phishing
60,20,1,1,0,0,4,32,phishing
30,21,1,1,0,0,2,1,phishing
21,13,1,0,0,0,0,1,phishing
17,8,0,1,0,0,2,1,phishing
102,32,1,0,1,6,24,63,phishing
33,24,1,1,0,0,0,1,phishing
40,31,1,1,0,3,0,1,phishing
45,36,1,1,1,2,0,1,phishing
45,36,1,1,0,2,0,1,phishing
102,32,1,0,1,6,24,26,phishing
99,32,1,0,1,4,29,60,phishing
86,16,1,0,0,6,24,26,phishing
100,30,1,0,1,6,24,26,phishing
100,30,1,0,1,6,24,63,phishing
86,16,1,0,0,6,24,63,phishing
99,29,1,0,0,7,24,26,phishing
99,29,1,0,0,7,24,63,phishing
114,47,2,0,1,4,29,60,phishing
95,25,1,0,0,6,24,26,phishing
95,25,1,0,0,6,24,63,phishing
50,17,2,1,0,0,10,25,phishing
117,47,2,0,0,6,24,26,phishing
117,47,2,0,0,6,24,63,phishing
26,18,1,0,0,0,2,1,phishing
93,23,1,0,1,6,24,26,phishing
90,23,1,0,1,4,29,60,phishing
93,23,1,0,1,6,24,63,phishing
76,15,0,1,0,0,24,44,phishing
39,15,1,1,0,1,0,16,phishing
41,15,1,1,0,1,0,18,phishing
89,19,0,0,0,6,24,26,phishing
93,19,0,0,1,4,30,60,phishing
21,13,0,1,0,0,0,0,legitimate
26,18,1,1,0,0,0,0,legitimate
33,25,2,1,0,0,0,0,legitimate
16,8,0,1,0,0,1,0,legitimate
21,13,1,1,0,0,1,0,legitimate
22,14,1,1,0,0,0,0,legitimate
18,10,0,1,0,0,0,0,legitimate
25,17,0,1,1,0,0,0,legitimate
31,23,1,1,1,0,0,0,legitimate
16,8,0,1,0,0,0,0,legitimate
39,31,2,1,0,1,0,0,legitimate
20,12,0,1,0,0,0,0,legitimate
27,19,0,1,0,0,0,0,legitimate
33,25,1,1,1,0,0,0,legitimate
17,9,0,1,0,0,0,0,legitimate
22,14,1,1,0,0,0,0,legitimate
24,16,1,1,0,0,0,0,legitimate
25,17,1,1,0,0,0,0,legitimate
21,13,0,1,0,0,0,0,legitimate
29,21,1,1,1,0,0,0,legitimate
28,20,2,1,0,0,0,0,legitimate
31,23,3,1,0,0,0,0,legitimate
36,28,4,1,0,0,0,0,legitimate
19,11,0,1,0,0,0,0,legitimate
40,32,3,1,0,0,0,0,legitimate
17,9,0,1,0,0,0,0,legitimate
18,10,0,1,0,0,0,0,legitimate
27,19,1,1,0,0,0,0,legitimate
19,11,0,1,0,0,0,0,legitimate
22,14,1,1,0,0,0,0,legitimate
22,14,1,1,0,0,0,0,legitimate
29,21,2,1,0,0,0,0,legitimate
20,12,1,1,0,0,0,0,legitimate
27,19,1,1,1,0,0,0,legitimate
21,13,1,1,0,0,0,0,legitimate
24,16,1,1,0,0,0,0,legitimate
16,8,0,1,0,0,0,0,legitimate
37,29,1,1,0,0,0,0,legitimate
18,10,0,1,0,0,0,0,legitimate
38,30,3,1,0,0,0,0,legitimate
22,14,1,1,1,0,0,0,legitimate
20,12,0,1,0,0,0,0,legitimate
19,11,0,1,0,0,0,0,legitimate
35,27,1,1,0,0,0,0,legitimate
18,10,0,1,0,0,0,0,legitimate
37,29,3,1,0,0,2,0,legitimate
19,11,0,1,0,0,0,0,legitimate
21,13,0,1,0,1,0,0,legitimate
26,18,1,1,0,0,0,0,legitimate
23,15,0,1,0,0,0,0,legitimate
24,16,1,1,0,0,0,0,legitimate
15,7,0,1,0,0,0,0,legitimate
29,21,0,1,0,0,0,0,legitimate
27,19,1,1,0,0,1,0,legitimate
24,16,1,1,0,0,0,0,legitimate
25,17,1,1,0,0,0,0,legitimate
19,11,0,1,0,0,0,0,legitimate
22,14,0,1,0,0,0,0,legitimate
27,19,1,1,0,0,0,0,legitimate
28,20,1,1,0,0,0,0,legitimate
43,35,1,1,0,1,0,0,legitimate
23,15,1,1,0,0,0,0,legitimate
27,19,1,1,0,0,0,0,legitimate
26,18,1,1,0,0,0,0,legitimate
16,8,0,1,0,0,0,0,legitimate
20,12,1,1,0,0,0,0,legitimate
19,11,0,1,0,0,0,0,legitimate
33,25,2,1,0,0,0,0,legitimate
22,14,1,1,0,0,0,0,legitimate
28,20,2,1,0,0,0,0,legitimate
18,10,1,1,0,0,0,0,legitimate
23,15,1,1,0,0,1,0,legitimate
23,15,1,1,0,0,0,0,legitimate
21,13,0,1,0,0,3,0,legitimate
24,16,1,1,0,0,0,0,legitimate
35,27,2,1,0,0,0,0,legitimate
23,15,1,1,0,0,0,0,legitimate
21,13,0,1,0,0,1,0,legitimate
30,22,1,1,0,1,0,0,legitimate
33,25,3,1,0,0,0,0,legitimate
26,18,2,1,0,0,0,0,legitimate
33,25,1,1,0,0,0,0,legitimate
29,21,1,1,0,0,3,0,legitimate
23,15,1,1,0,0,0,0,legitimate
43,35,3,1,0,1,0,0,legitimate
34,26,2,1,0,0,0,0,legitimate
22,14,1,1,0,0,0,0,legitimate
28,20,1,1,1,0,0,0,legitimate
28,20,2,1,0,0,0,0,legitimate
15,7,0,1,0,0,0,0,legitimate
20,12,1,1,0,0,0,0,legitimate
23,15,1,1,0,0,0,0,legitimate
26,18,1,1,0,1,0,0,legitimate
22,14,1,1,0,0,0,0,legitimate
22,14,0,1,0,0,0,0,legitimate
26,18,1,1,0,0,0,0,legitimate
27,19,1,1,0,0,0,0,legitimate
24,16,1,1,0,0,0,0,legitimate
29,21,2,1,0,0,0,0,legitimate
28,20,0,1,0,0,0,0,legitimate
32,24,1,1,0,0,0,0,legitimate
34,26,2,1,0,0,0,0,legitimate
27,19,1,1,0,0,1,0,legitimate
27,19,1,1,0,0,1,0,legitimate
24,16,1,1,0,0,0,0,legitimate
17,9,0,1,0,0,0,0,legitimate
35,27,2,1,0,1,0,0,legitimate
37,29,3,1,0,0,2,0,legitimate
33,25,1,1,0,0,1,0,legitimate
17,9,0,1,0,0,0,0,legitimate
40,32,3,1,0,1,2,0,legitimate
19,11,1,1,0,0,0,0,legitimate
25,17,1,1,0,1,1,0,legitimate
18,10,0,1,0,0,0,0,legitimate
22,14,2,1,0,0,1,0,legitimate
17,9,0,1,0,0,0,0,legitimate
31,23,2,1,0,1,0,0,legitimate
38,30,2,1,0,0,0,0,legitimate
39,31,3,1,0,0,1,0,legitimate
19,11,1,1,0,0,0,0,legitimate
19,11,0,1,0,0,0,0,legitimate
39,31,3,1,0,0,0,0,legitimate
26,18,1,1,0,1,1,0,legitimate
28,20,2,1,0,1,0,0,legitimate
16,8,0,1,0,0,0,0,legitimate
28,20,0,1,0,1,0,0,legitimate
17,9,0,1,0,0,0,0,legitimate
41,33,3,1,0,1,2,0,legitimate
19,11,0,1,0,0,0,0,legitimate
28,20,1,1,0,0,0,0,legitimate
27,19,1,1,0,0,0,0,legitimate
32,24,2,1,0,0,0,0,legitimate
17,9,0,1,0,0,0,0,legitimate
25,17,1,1,0,0,0,0,legitimate
33,25,2,1,0,0,0,0,legitimate
22,14,1,1,0,0,0,0,legitimate
39,31,3,1,0,0,0,0,legitimate
32,24,1,1,0,1,0,0,legitimate
28,20,1,1,0,0,0,0,legitimate
21,13,0,1,0,1,0,0,legitimate
26,18,1,1,0,0,0,0,legitimate
24,16,1,1,0,0,0,0,legitimate
29,21,0,1,0,0,0,0,legitimate
33,25,1,1,0,0,0,0,legitimate
27,19,0,1,0,0,0,0,legitimate
21,13,1,1,0,0,0,0,legitimate
31,23,1,1,0,2,1,0,legitimate
22,14,1,1,0,0,0,0,legitimate
31,23,1,1,0,0,0,0,legitimate
43,35,3,1,0,2,0,0,legitimate
21,13,1,1,0,0,0,0,legitimate
42,34,5,1,0,0,3,0,legitimate
26,18,1,1,0,0,0,0,legitimate
17,9,0,1,0,0,0,0,legitimate
34,26,1,1,0,0,0,0,legitimate
28,20,0,1,0,0,0,0,legitimate
22,14,1,1,0,0,0,0,legitimate
40,32,5,1,0,0,0,0,legitimate
24,16,1,1,0,0,0,0,legitimate
26,18,1,1,0,0,0,0,legitimate
16,8,0,1,0,0,1,0,legitimate
32,24,1,1,0,0,0,0,legitimate
27,19,0,1,0,1,0,0,legitimate
23,15,1,1,0,1,0,0,legitimate
23,15,1,1,0,1,0,0,legitimate
14,6,0,1,0,0,0,0,legitimate
39,31,1,1,0,1,0,0,legitimate
37,29,1,1,0,0,1,0,legitimate
18,10,1,1,0,0,0,0,legitimate
24,16,2,1,0,0,0,0,legitimate
19,11,0,1,0,0,0,0,legitimate
21,13,0,1,0,0,0,0,legitimate
22,14,1,1,0,0,0,0,legitimate
34,26,2,1,1,0,1,0,legitimate
20,12,1,1,0,0,1,0,legitimate
24,16,1,1,0,0,1,0,legitimate
24,16,1,1,0,0,0,0,legitimate
27,19,2,1,0,0,0,0,legitimate
35,27,2,1,0,1,0,0,legitimate
23,15,0,1,0,0,0,0,legitimate
23,15,1,1,0,0,0,0,legitimate
28,20,2,1,0,0,1,0,legitimate
26,18,1,1,0,0,0,0,legitimate
34,26,2,1,0,0,0,0,legitimate
20,12,1,1,0,0,0,0,legitimate
27,19,1,1,0,1,0,0,legitimate
23,15,1,1,0,0,0,0,legitimate
23,15,0,1,0,0,0,0,legitimate
14,6,0,1,0,0,0,0,legitimate
24,16,1,1,0,0,0,0,legitimate
26,18,1,1,0,0,0,0,legitimate
25,17,1,1,0,0,1,0,legitimate
29,21,2,1,0,0,0,0,legitimate
25,17,1,1,0,0,0,0,legitimate
29,21,2,1,0,0,0,0,legitimate
19,11,1,1,0,0,0,0,legitimate
36,28,3,1,0,0,0,0,legitimate
25,17,1,1,0,0,2,0,legitimate
36,28,3,1,0,0,0,0,legitimate
26,18,0,1,0,0,0,0,legitimate
34,26,0,1,0,2,0,0,legitimate
42,34,5,1,0,0,3,0,legitimate
31,23,2,1,0,1,2,0,legitimate
26,18,1,1,0,0,0,0,legitimate
30,22,2,1,0,0,0,0,legitimate
21,13,0,1,0,0,0,0,legitimate
40,32,4,1,0,0,0,0,legitimate
17,9,0,1,0,0,0,0,legitimate
24,16,1,1,0,0,0,0,legitimate
27,19,2,1,0,0,1,0,legitimate
18,10,1,1,0,0,0,0,legitimate
42,34,5,1,0,0,3,0,legitimate
32,24,2,1,0,0,0,0,legitimate
24,16,0,1,0,0,0,0,legitimate
20,12,0,1,0,0,0,0,legitimate
36,28,3,1,0,0,0,0,legitimate
27,19,2,1,0,0,0,0,legitimate
30,22,1,1,0,1,0,0,legitimate
25,17,1,1,0,0,0,0,legitimate
21,13,1,1,0,0,0,0,legitimate
26,18,2,1,0,0,0,0,legitimate
25,17,1,1,0,0,0,0,legitimate
36,28,2,1,0,1,1,0,legitimate
33,25,2,1,0,1,1,0,legitimate
35,27,2,1,0,0,0,0,legitimate
15,7,0,1,0,0,1,0,legitimate
26,18,1,1,0,0,0,0,legitimate
20,12,1,1,0,0,0,0,legitimate
48,40,3,1,0,2,0,0,legitimate
28,20,1,1,0,1,0,0,legitimate
18,10,0,1,0,0,0,0,legitimate
28,20,1,1,0,0,1,0,legitimate
31,23,2,1,0,0,0,0,legitimate
40,32,3,1,0,0,0,0,legitimate
31,23,1,1,0,0,0,0,legitimate
34,26,1,1,1,0,0,0,legitimate
17,9,0,1,0,0,0,0,legitimate
23,15,1,1,0,0,0,0,legitimate
33,25,1,1,0,0,0,0,legitimate
19,11,1,1,0,0,0,0,legitimate
25,17,1,1,0,0,0,0,legitimate
28,20,1,1,0,0,0,0,legitimate
25,17,1,1,0,0,0,0,legitimate
30,22,2,1,0,0,0,0,legitimate
21,13,1,1,0,0,1,0,legitimate
27,19,1,1,0,0,0,0,legitimate
42,34,1,1,1,0,0,0,legitimate
34,26,2,1,0,1,1,0,legitimate
35,27,2,1,0,1,0,0,legitimate
38,30,3,1,0,1,0,0,legitimate
41,33,3,1,0,0,0,0,legitimate
28,20,2,1,0,0,0,0,legitimate
19,11,0,1,0,0,0,0,legitimate
24,16,1,1,0,1,0,0,legitimate
23,15,1,1,0,0,0,0,legitimate
23,15,1,1,0,0,1,0,legitimate
28,20,2,1,0,0,0,0,legitimate
27,19,1,1,0,1,0,0,legitimate
40,32,2,1,0,0,0,0,legitimate
30,22,2,1,0,0,2,0,legitimate
39,31,3,1,0,2,0,0,legitimate
30,22,1,1,0,1,0,0,legitimate
41,33,1,1,0,1,0,0,legitimate
27,19,0,1,0,1,0,0,legitimate
32,24,1,1,0,0,0,0,legitimate
23,15,1,1,0,0,0,0,legitimate
34,26,3,1,0,0,0,0,legitimate
27,19,1,1,0,0,1,0,legitimate
26,18,1,1,0,0,0,0,legitimate
30,22,2,1,0,0,0,0,legitimate
20,12,0,1,0,0,0,0,legitimate
39,31,1,1,0,1,0,0,legitimate
24,16,0,1,0,0,0,0,legitimate
28,20,1,1,0,0,0,0,legitimate
29,21,0,1,0,0,0,0,legitimate
24,16,1,1,0,0,0,0,legitimate
20,12,1,1,0,0,0,0,legitimate
20,12,0,1,0,0,0,0,legitimate
23,15,1,1,0,0,0,0,legitimate
29,21,2,1,0,1,0,0,legitimate
20,12,0,1,0,0,0,0,legitimate
33,25,3,1,0,0,0,0,legitimate
16,8,0,1,0,0,1,0,legitimate
36,28,4,1,0,0,1,0,legitimate
34,26,1,1,0,1,0,0,legitimate
38,30,3,1,0,0,0,0,legitimate
20,12,0,1,0,0,0,0,legitimate
33,25,3,1,0,0,0,0,legitimate
28,20,1,1,0,0,0,0,legitimate
24,16,1,1,0,0,0,0,legitimate
23,15,1,1,0,0,0,0,legitimate
19,11,1,1,0,0,0,0,legitimate
20,12,1,1,0,0,0,0,legitimate
19,11,0,1,0,0,0,0,legitimate
22,14,1,1,0,0,0,0,legitimate
18,10,0,1,0,0,0,0,legitimate
34,26,2,1,0,0,2,0,legitimate
27,19,1,1,0,0,0,0,legitimate
30,22,1,1,0,2,0,0,legitimate
22,14,1,1,0,0,0,0,legitimate
35,27,1,1,0,3,0,0,legitimate
31,23,1,1,0,0,0,0,legitimate
34,26,2,1,1,0,0,0,legitimate
25,17,1,1,0,0,0,0,legitimate
31,23,2,1,0,0,0,0,legitimate
20,12,0,1,0,0,0,0,legitimate
35,27,3,1,0,0,0,0,legitimate
25,17,1,1,0,0,0,0,legitimate
31,23,2,1,0,1,2,0,legitimate
32,24,2,1,0,1,2,0,legitimate
46,38,2,1,0,0,0,0,legitimate
46,38,3,1,0,3,0,0,legitimate
18,10,0,1,0,0,0,0,legitimate
20,12,1,1,0,0,0,0,legitimate
38,30,2,1,1,0,0,0,legitimate
39,31,3,1,0,0,2,0,legitimate
30,22,1,1,0,0,0,0,legitimate
43,35,1,1,0,0,0,0,legitimate
44,36,3,1,0,2,0,0,legitimate
31,23,1,1,0,0,0,0,legitimate
26,18,0,1,0,1,0,0,legitimate
23,15,0,1,0,0,0,0,legitimate
23,15,0,1,0,0,0,0,legitimate
24,16,1,1,0,0,0,0,legitimate
33,25,2,1,0,0,0,0,legitimate
39,31,2,1,0,1,1,0,legitimate
25,17,1,1,0,0,3,0,legitimate
19,11,0,1,0,1,0,0,legitimate
28,20,1,1,0,1,2,0,legitimate
31,23,2,1,0,0,1,0,legitimate
44,36,4,1,0,0,1,0,legitimate
39,31,3,1,0,0,1,0,legitimate
35,27,2,1,0,0,0,0,legitimate
54,46,5,1,0,2,2,0,legitimate
32,24,1,1,0,1,0,0,legitimate
23,15,1,1,0,0,0,0,legitimate
17,9,0,1,0,0,0,0,legitimate
28,20,2,1,0,0,4,0,legitimate
24,16,1,1,0,0,0,0,legitimate
24,16,1,1,0,0,0,0,legitimate
35,27,1,1,0,1,0,0,legitimate
34,26,1,1,0,1,0,0,legitimate
17,9,0,1,0,0,0,0,legitimate
41,33,1,1,0,1,0,0,legitimate
26,18,1,1,0,0,0,0,legitimate
28,20,2,1,0,0,0,0,legitimate
18,10,0,1,0,0,0,0,legitimate
28,20,1,1,0,0,0,0,legitimate
25,17,1,1,0,0,0,0,legitimate
24,16,1,1,0,0,0,0,legitimate
29,21,1,1,0,0,0,0,legitimate
32,24,1,1,0,0,0,0,legitimate
30,22,2,1,0,0,2,0,legitimate
24,16,1,1,0,0,0,0,legitimate
18,10,0,1,0,0,0,0,legitimate
29,21,1,1,0,0,0,0,legitimate
30,22,2,1,0,1,2,0,legitimate
30,22,2,1,0,0,0,0,legitimate
19,11,1,1,0,0,1,0,legitimate
26,18,2,1,0,0,1,0,legitimate
32,24,1,1,0,0,0,0,legitimate
34,26,2,1,0,0,0,0,legitimate
34,26,1,1,0,1,0,0,legitimate
30,22,2,1,0,0,0,0,legitimate
37,29,3,1,0,0,0,0,legitimate
30,22,1,1,0,0,0,0,legitimate
24,16,0,1,0,0,0,0,legitimate
23,15,1,1,0,1,1,0,legitimate
32,24,1,1,0,1,0,0,legitimate
28,20,1,1,1,0,0,0,legitimate
29,21,2,1,0,0,2,0,legitimate
20,12,0,1,0,0,0,0,legitimate
29,21,2,1,0,0,0,0,legitimate
27,19,1,1,0,0,0,0,legitimate
33,25,2,1,0,1,0,0,legitimate
16,8,0,1,0,0,0,0,legitimate
30,22,1,1,0,1,0,0,legitimate
36,28,1,1,0,2,1,0,legitimate
23,15,1,1,0,0,0,0,legitimate
23,15,1,1,0,0,0,0,legitimate
31,23,2,1,0,0,0,0,legitimate
25,17,1,1,0,0,0,0,legitimate
26,18,1,1,0,0,3,0,legitimate
22,14,1,1,0,0,0,0,legitimate
36,28,2,1,0,0,0,0,legitimate
33,25,2,1,0,2,3,0,legitimate
37,29,2,1,0,1,1,0,legitimate
24,16,1,1,0,0,1,0,legitimate
30,22,0,1,0,0,0,0,legitimate
35,27,2,1,0,2,1,0,legitimate
23,15,1,1,0,0,0,0,legitimate
20,12,0,1,0,0,0,0,legitimate
24,16,0,1,0,1,0,0,legitimate
43,35,3,1,0,1,0,0,legitimate
24,16,1,1,0,0,0,0,legitimate
20,12,0,1,0,0,0,0,legitimate
36,28,1,1,0,1,0,0,legitimate
37,29,1,1,0,0,0,0,legitimate
22,14,0,1,0,0,0,0,legitimate
31,23,0,1,0,0,0,0,legitimate
30,22,2,1,0,1,1,0,legitimate
39,31,2,1,0,0,0,0,legitimate
26,18,1,1,0,0,0,0,legitimate
24,16,1,1,0,0,0,0,legitimate
26,18,1,1,0,0,0,0,legitimate
24,16,0,1,0,1,0,0,legitimate
24,16,0,1,0,0,0,0,legitimate
31,23,2,1,0,0,0,0,legitimate
18,10,1,1,0,0,0,0,legitimate
40,32,1,1,0,0,0,0,legitimate
29,21,1,1,0,1,0,0,legitimate
29,21,2,1,0,0,0,0,legitimate
33,25,2,1,0,0,0,0,legitimate
26,18,0,1,0,0,0,0,legitimate
18,10,0,1,0,0,0,0,legitimate
25,17,1,1,0,0,0,0,legitimate
28,20,2,1,0,0,0,0,legitimate
35,27,2,1,0,0,0,0,legitimate
30,22,2,1,0,0,0,0,legitimate
19,11,0,1,0,0,0,0,legitimate
27,19,1,1,0,1,0,0,legitimate
20,12,0,1,0,0,0,0,legitimate
24,16,1,1,0,0,0,0,legitimate
33,25,1,1,0,0,0,0,legitimate
41,33,2,1,0,2,0,0,legitimate
26,18,1,1,0,1,0,0,legitimate
35,27,1,1,0,0,1,0,legitimate
18,10,0,1,0,0,0,0,legitimate
34,26,2,1,0,0,5,0,legitimate
24,16,0,1,1,0,0,0,legitimate
33,25,2,1,0,0,4,0,legitimate
25,17,1,1,0,0,0,0,legitimate
35,27,1,1,0,0,1,0,legitimate
32,24,1,1,0,2,0,0,legitimate
31,23,1,1,0,0,0,0,legitimate
44,36,1,1,0,0,0,0,legitimate
28,20,2,1,0,0,0,0,legitimate
38,30,2,1,0,0,0,0,legitimate
36,28,3,1,0,0,0,0,legitimate
28,20,1,1,0,0,0,0,legitimate
17,9,0,1,0,0,0,0,legitimate
44,36,1,1,0,2,2,0,legitimate
28,20,2,1,0,0,0,0,legitimate
26,18,1,1,0,0,2,0,legitimate
29,21,1,1,0,1,0,0,legitimate
40,32,3,1,0,0,0,0,legitimate
42,34,5,1,0,0,0,0,legitimate
49,41,6,1,0,0,0,0,legitimate
29,21,0,1,0,0,0,0,legitimate
30,22,1,1,0,1,0,0,legitimate
27,19,1,1,0,0,0,0,legitimate
45,37,3,1,0,2,0,0,legitimate
33,25,1,1,0,0,0,0,legitimate
22,14,0,1,0,0,0,0,legitimate
57,49,1,1,0,3,0,0,legitimate
23,15,1,1,0,1,0,0,legitimate
18,10,0,1,0,0,1,0,legitimate
37,29,1,1,0,1,0,0,legitimate
25,17,1,1,0,0,0,0,legitimate
32,24,1,1,0,1,0,0,legitimate
26,18,2,1,0,0,0,0,legitimate
18,10,0,1,0,0,0,0,legitimate
32,24,2,1,1,0,0,0,legitimate
44,36,2,1,0,2,1,0,legitimate
26,18,1,1,0,1,0,0,legitimate
26,18,1,1,0,0,1,0,legitimate
35,27,2,1,0,0,1,0,legitimate
26,18,1,1,0,0,0,0,legitimate
22,14,1,1,0,0,0,0,legitimate
29,21,1,1,0,0,1,0,legitimate
23,15,0,1,0,0,0,0,legitimate
21,13,1,1,0,0,0,0,legitimate
35,27,2,1,0,2,0,0,legitimate
34,26,2,1,0,0,1,0,legitimate
18,10,0,1,0,0,0,0,legitimate
31,23,2,1,0,0,0,0,legitimate
22,14,0,1,0,0,0,0,legitimate
31,23,2,1,0,0,0,0,legitimate
36,28,1,1,0,1,0,0,legitimate
28,20,1,1,0,0,0,0,legitimate
30,22,1,1,0,0,0,0,legitimate
32,24,2,1,0,0,0,0,legitimate
20,12,1,1,0,0,0,0,legitimate
22,14,1,1,0,0,1,0,legitimate
27,19,1,1,0,1,0,0,legitimate
30,22,1,1,0,1,0,0,legitimate
42,34,3,1,0,0,0,0,legitimate
40,32,2,1,0,1,0,0,legitimate
24,16,1,1,0,0,0,0,legitimate
26,18,1,1,0,0,0,0,legitimate
20,12,1,1,0,0,1,0,legitimate
30,22,2,1,0,2,2,0,legitimate
26,18,1,1,0,0,1,0,legitimate
24,16,1,1,0,0,0,0,legitimate
35,27,2,1,0,2,1,0,legitimate
27,19,2,1,0,0,0,0,legitimate
25,17,1,1,0,0,0,0,legitimate
27,19,0,1,0,0,0,0,legitimate
22,14,1,1,0,0,0,0,legitimate
40,32,2,1,0,2,0,0,legitimate
28,20,2,1,0,0,0,0,legitimate
32,24,2,1,0,0,0,0,legitimate
19,11,0,1,0,0,0,0,legitimate
29,21,1,1,0,1,0,0,legitimate
27,19,1,1,0,0,0,0,legitimate
36,28,2,1,0,0,2,0,legitimate
19,11,0,1,0,1,0,0,legitimate
27,19,1,1,0,1,0,0,legitimate
21,13,0,1,0,0,0,0,legitimate
55,47,1,1,0,4,0,0,legitimate
42,34,3,1,0,3,0,0,legitimate
34,26,1,1,0,1,2,0,legitimate
22,14,0,1,0,0,0,0,legitimate
29,21,1,1,0,1,0,0,legitimate
47,39,3,1,0,2,1,0,legitimate
38,30,1,1,0,0,0,0,legitimate
22,14,1,1,0,0,0,0,legitimate
35,27,2,1,0,1,2,0,legitimate
35,27,2,1,0,0,0,0,legitimate
16,8,0,1,0,0,0,0,legitimate
17,9,0,1,0,0,0,0,legitimate
62,54,4,1,0,2,5,0,legitimate
38,30,3,1,0,1,0,0,legitimate
28,20,2,1,0,0,0,0,legitimate
17,9,0,1,0,0,0,0,legitimate
31,23,1,1,0,1,0,0,legitimate
43,35,5,1,0,0,0,0,legitimate
19,11,1,1,0,0,0,0,legitimate
20,12,0,1,0,0,0,0,legitimate
39,31,1,1,0,0,0,0,legitimate
49,41,1,1,0,1,0,0,legitimate
21,13,1,1,0,0,0,0,legitimate
16,8,0,1,0,0,1,0,legitimate
21,13,0,1,0,0,0,0,legitimate
38,30,3,1,0,2,0,0,legitimate
21,13,1,1,0,0,0,0,legitimate
41,33,1,1,0,4,1,0,legitimate
41,33,1,1,0,4,1,0,legitimate
21,13,0,1,0,0,0,0,legitimate
25,17,1,1,0,0,0,0,legitimate
20,12,1,1,0,0,0,0,legitimate
41,33,1,1,0,1,0,0,legitimate
42,34,1,1,0,1,0,0,legitimate
26,18,0,1,0,1,0,0,legitimate
30,22,1,1,0,1,0,0,legitimate
26,18,2,1,0,0,0,0,legitimate
21,13,1,1,0,0,0,0,legitimate
20,12,1,1,0,0,0,0,legitimate
23,15,1,1,0,0,0,0,legitimate
32,24,2,1,0,1,1,0,legitimate
21,13,1,1,0,0,0,0,legitimate
18,10,0,1,0,0,0,0,legitimate
20,12,1,1,0,0,0,0,legitimate
33,25,1,1,0,0,0,0,legitimate
37,29,2,1,1,0,0,0,legitimate
35,27,2,1,0,0,0,0,legitimate
26,18,1,1,0,0,0,0,legitimate
25,17,1,1,0,0,0,0,legitimate
18,10,0,1,0,1,0,0,legitimate
44,36,2,1,0,1,1,0,legitimate
32,24,2,1,1,0,0,0,legitimate
18,10,0,1,0,0,0,0,legitimate
17,9,0,1,0,0,1,0,legitimate
19,11,1,1,0,0,2,0,legitimate
17,9,0,1,0,0,0,0,legitimate
39,31,2,1,0,0,0,0,legitimate
37,29,2,1,0,0,0,0,legitimate
17,9,0,1,0,0,0,0,legitimate
19,11,0,1,0,0,0,0,legitimate
31,23,1,1,0,1,0,0,legitimate
37,29,2,1,0,2,1,0,legitimate
30,22,2,1,0,1,2,0,legitimate
25,17,1,1,0,0,0,0,legitimate
38,30,2,1,0,2,0,0,legitimate
27,19,2,1,0,0,0,0,legitimate
27,19,1,1,0,1,2,0,legitimate
22,14,1,1,0,0,0,0,legitimate
32,24,1,1,0,0,0,0,legitimate
19,11,0,1,0,0,0,0,legitimate
20,12,0,1,0,0,0,0,legitimate
31,23,1,1,0,0,0,0,legitimate
21,13,1,1,0,0,1,0,legitimate
19,11,0,1,0,0,0,0,legitimate
31,23,2,1,0,1,2,0,legitimate
15,7,0,1,0,0,0,0,legitimate
30,22,1,1,0,0,0,0,legitimate
22,14,1,1,0,0,0,0,legitimate
39,31,2,1,0,0,0,0,legitimate
31,23,2,1,0,0,0,0,legitimate
16,8,0,1,0,0,0,0,legitimate
19,11,1,1,0,0,1,0,legitimate
31,23,1,1,0,0,0,0,legitimate
38,30,3,1,1,0,2,0,legitimate
17,9,0,1,0,0,0,0,legitimate
28,20,1,1,0,2,0,0,legitimate
20,12,0,1,0,0,0,0,legitimate
35,27,1,1,0,2,1,0,legitimate
32,24,2,1,0,1,2,0,legitimate
39,31,1,1,0,4,3,0,legitimate
18,10,0,1,0,0,0,0,legitimate
22,14,1,1,0,0,0,0,legitimate
31,23,1,1,0,0,0,0,legitimate
35,27,2,1,0,0,2,0,legitimate
24,16,2,1,0,0,0,0,legitimate
37,29,1,1,0,1,0,0,legitimate
32,24,2,1,0,0,0,0,legitimate
18,10,0,1,0,0,0,0,legitimate
24,16,2,1,0,0,0,0,legitimate
38,30,3,1,0,0,0,0,legitimate
25,17,1,1,0,0,0,0,legitimate
25,17,0,1,0,0,0,0,legitimate
18,10,0,1,0,0,0,0,legitimate
24,16,0,1,0,0,0,0,legitimate
34,26,1,1,0,0,0,0,legitimate
48,40,1,1,0,3,0,0,legitimate
28,20,2,1,0,1,0,0,legitimate
30,22,1,1,0,0,0,0,legitimate
28,20,1,1,1,0,0,0,legitimate
42,34,5,1,0,0,3,0,legitimate
37,29,1,1,0,2,1,0,legitimate
35,27,2,1,0,0,0,0,legitimate
25,17,2,1,0,0,0,0,legitimate
29,21,3,1,0,0,1,0,legitimate
24,16,1,1,0,0,0,0,legitimate
20,12,0,1,0,1,1,0,legitimate
24,16,1,1,0,0,0,0,legitimate
23,15,1,1,0,0,0,0,legitimate
16,8,0,1,0,0,0,0,legitimate
36,28,3,1,0,0,0,0,legitimate
35,27,2,1,0,0,0,0,legitimate
32,24,2,1,0,0,0,0,legitimate
38,30,2,1,0,0,0,0,legitimate
40,32,2,1,0,2,1,0,legitimate
25,17,1,1,0,0,0,0,legitimate
36,28,1,1,0,2,0,0,legitimate
31,23,2,1,0,0,4,0,legitimate
27,19,1,1,0,0,0,0,legitimate
45,37,5,1,0,0,3,0,legitimate
42,34,1,1,0,3,0,0,legitimate
17,9,0,1,0,0,0,0,legitimate
29,21,2,1,0,0,0,0,legitimate
24,16,1,1,0,0,0,0,legitimate
22,14,1,1,0,0,0,0,legitimate
22,14,1,1,0,0,0,0,legitimate
30,22,2,1,0,0,0,0,legitimate
20,12,0,1,0,0,0,0,legitimate
32,24,1,1,0,0,1,0,legitimate
24,16,1,1,0,2,0,0,legitimate
31,23,4,1,0,0,1,0,legitimate
19,11,0,1,0,0,0,0,legitimate
31,23,2,1,0,0,0,0,legitimate
28,20,1,1,0,0,3,0,legitimate
27,19,1,1,0,0,0,0,legitimate
17,9,0,1,0,0,0,0,legitimate
26,18,1,1,0,0,0,0,legitimate
31,23,2,1,0,0,0,0,legitimate
23,15,1,1,0,0,0,0,legitimate
27,19,1,1,0,0,0,0,legitimate
45,37,5,1,0,0,3,0,legitimate
31,23,1,1,0,1,0,0,legitimate
23,15,0,1,0,0,0,0,legitimate
32,24,1,1,0,0,0,0,legitimate
40,32,3,1,0,0,2,0,legitimate
34,26,2,1,0,2,1,0,legitimate
21,13,0,1,0,0,0,0,legitimate
45,37,5,1,0,0,3,0,legitimate
24,16,1,1,0,1,0,0,legitimate
31,23,1,1,0,1,0,0,legitimate
21,13,1,1,0,0,1,0,legitimate
21,13,0,1,0,0,0,0,legitimate
24,16,1,1,0,0,0,0,legitimate
28,20,1,1,0,0,0,0,legitimate
19,11,0,1,0,0,0,0,legitimate
29,21,1,1,0,1,0,0,legitimate
27,19,1,1,0,1,0,0,legitimate
29,21,2,1,0,0,0,0,legitimate
30,22,1,1,0,2,0,0,legitimate
27,19,1,1,0,1,0,0,legitimate
27,19,2,1,0,0,0,0,legitimate
17,9,0,1,0,1,0,0,legitimate
26,18,1,1,0,0,0,0,legitimate
39,31,3,1,0,0,1,0,legitimate
18,10,0,1,0,0,0,0,legitimate
28,20,2,1,0,0,0,0,legitimate
33,25,1,1,0,0,0,0,legitimate
29,21,1,1,0,0,0,0,legitimate
41,33,1,1,0,0,0,0,legitimate
19,11,0,1,0,0,0,0,legitimate
21,13,1,1,0,1,0,0,legitimate
45,37,5,1,0,0,3,0,legitimate
24,16,1,1,0,0,0,0,legitimate
28,20,1,1,0,2,0,0,legitimate
35,27,1,1,0,2,0,0,legitimate
21,13,0,1,0,0,0,0,legitimate
23,15,1,1,0,0,0,0,legitimate
30,22,2,1,0,1,0,0,legitimate
43,35,3,1,0,1,0,0,legitimate
28,20,1,1,1,0,0,0,legitimate
37,29,2,1,0,2,3,0,legitimate
25,17,1,1,0,0,0,0,legitimate
25,17,1,1,0,0,0,0,legitimate
29,21,0,1,0,0,0,0,legitimate
25,17,0,1,0,1,0,0,legitimate
23,15,1,1,0,0,0,0,legitimate
23,15,1,1,0,0,0,0,legitimate
44,36,1,1,0,1,0,0,legitimate
45,37,3,1,0,3,0,0,legitimate
36,28,2,1,0,0,0,0,legitimate
16,8,0,1,0,0,1,0,legitimate
51,43,1,1,0,0,0,0,legitimate
26,18,1,1,0,0,0,0,legitimate
27,19,2,1,0,0,0,0,legitimate
14,6,0,1,0,0,1,0,legitimate
18,10,0,1,0,0,0,0,legitimate
24,16,1,1,0,0,0,0,legitimate
39,31,1,1,0,3,0,0,legitimate
36,28,1,1,0,2,0,0,legitimate
31,23,1,1,0,0,0,0,legitimate
37,29,1,1,0,2,0,0,legitimate
38,30,1,1,0,2,0,0,legitimate
34,26,1,1,0,0,0,0,legitimate
57,49,2,1,0,0,0,0,legitimate
39,31,2,1,0,2,0,0,legitimate
34,26,1,1,0,1,0,0,legitimate
30,22,2,1,0,0,0,0,legitimate
40,32,3,1,0,1,0,0,legitimate
44,36,3,1,0,1,2,0,legitimate
40,32,2,1,0,2,1,0,legitimate
44,36,3,1,0,2,1,0,legitimate
47,39,1,1,0,1,0,0,legitimate
41,33,1,1,0,1,0,0,legitimate
27,19,1,1,0,0,0,0,legitimate
31,23,2,1,0,0,0,0,legitimate
17,9,0,1,0,0,0,0,legitimate
35,27,2,1,0,0,0,0,legitimate
51,43,3,1,0,4,0,0,legitimate
45,37,5,1,0,0,3,0,legitimate
21,13,0,1,0,0,0,0,legitimate
24,16,0,1,0,0,0,0,legitimate
42,34,2,1,0,1,1,0,legitimate
30,22,1,1,0,0,0,0,legitimate
18,10,0,1,0,0,0,0,legitimate
45,37,5,1,0,0,3,0,legitimate
19,11,0,1,0,0,0,0,legitimate
30,22,1,1,0,2,0,0,legitimate
41,33,2,1,0,0,0,0,legitimate
54,46,3,1,0,1,0,0,legitimate
26,18,1,1,1,0,0,0,legitimate
28,20,1,1,0,0,1,0,legitimate
43,35,3,1,0,0,0,0,legitimate
48,40,4,1,0,0,0,0,legitimate
45,37,5,1,0,0,3,0,legitimate
23,15,0,1,0,0,1,0,legitimate
43,35,3,1,0,0,0,0,legitimate
27,19,1,1,0,0,1,0,legitimate
32,24,2,1,0,0,5,0,legitimate
19,11,0,1,0,0,0,0,legitimate
21,13,1,1,0,0,1,0,legitimate
34,26,2,1,0,1,0,0,legitimate
20,12,0,1,0,0,0,0,legitimate
23,15,1,1,0,0,0,0,legitimate
28,20,1,1,0,0,0,0,legitimate
44,36,1,1,0,1,0,0,legitimate
16,8,0,1,0,0,0,0,legitimate
21,13,1,1,0,0,0,0,legitimate
42,34,1,1,0,2,0,0,legitimate
28,20,1,1,0,1,0,0,legitimate
31,23,1,1,0,2,1,0,legitimate
16,8,0,1,0,0,0,0,legitimate
45,37,5,1,0,0,3,0,legitimate
23,15,0,1,0,0,0,0,legitimate
22,14,1,1,0,0,0,0,legitimate
42,34,5,1,0,0,3,0,legitimate
17,9,0,1,0,0,0,0,legitimate
36,28,0,1,0,2,0,0,legitimate
27,19,1,1,0,0,0,0,legitimate
31,23,2,1,0,1,0,0,legitimate
19,11,0,1,0,0,3,0,legitimate
45,37,5,1,0,0,3,0,legitimate
43,35,3,1,0,2,1,0,legitimate
24,16,0,1,0,0,0,0,legitimate
28,20,1,1,0,0,0,0,legitimate
19,11,0,1,0,0,1,0,legitimate
25,17,1,1,0,0,0,0,legitimate
55,47,3,1,0,3,0,0,legitimate
42,34,3,1,0,0,0,0,legitimate
42,34,5,1,0,0,3,0,legitimate
19,11,1,1,0,0,1,0,legitimate
27,19,1,1,0,0,0,0,legitimate
21,13,1,1,0,0,0,0,legitimate
45,37,5,1,0,0,3,0,legitimate
40,32,3,1,0,1,1,0,legitimate
28,20,1,1,0,0,0,0,legitimate
27,19,1,1,0,0,1,0,legitimate
28,20,1,1,0,1,1,0,legitimate
31,23,2,1,0,1,0,0,legitimate
28,20,2,1,0,1,0,0,legitimate
20,12,1,1,0,0,0,0,legitimate
21,13,0,1,0,0,0,0,legitimate
23,15,0,1,0,0,0,0,legitimate
21,13,0,1,0,1,0,0,legitimate
23,15,1,1,0,0,0,0,legitimate
17,9,0,1,0,0,0,0,legitimate
30,22,1,1,0,1,0,0,legitimate
20,12,0,1,0,0,0,0,legitimate
34,26,3,1,0,0,0,0,legitimate
23,15,1,1,0,0,0,0,legitimate
31,23,2,1,0,1,0,0,legitimate
35,27,1,1,0,2,0,0,legitimate
35,27,2,1,0,1,0,0,legitimate
20,12,0,1,0,0,3,0,legitimate
20,12,0,1,0,0,0,0,legitimate
21,13,1,1,0,0,2,0,legitimate
21,13,1,1,0,0,1,0,legitimate
27,19,1,1,0,0,0,0,legitimate
22,14,0,1,0,0,0,0,legitimate
36,28,2,1,0,0,0,0,legitimate
41,33,3,1,0,0,0,0,legitimate
48,40,4,1,0,0,0,0,legitimate
56,48,2,1,0,1,1,0,legitimate
30,22,1,1,0,1,1,0,legitimate
24,16,1,1,0,0,0,0,legitimate
23,15,1,1,0,0,0,0,legitimate
27,19,2,1,0,0,0,0,legitimate
26,18,1,1,0,0,0,0,legitimate
27,19,2,1,0,0,0,0,legitimate
34,26,2,1,0,1,1,0,legitimate
45,37,5,1,0,0,3,0,legitimate
37,29,2,1,0,2,1,0,legitimate
45,37,5,1,0,0,3,0,legitimate
18,10,0,1,0,0,0,0,legitimate
45,37,5,1,0,0,3,0,legitimate
20,12,1,1,0,0,0,0,legitimate
27,19,2,1,0,0,0,0,legitimate
45,37,5,1,0,0,3,0,legitimate
22,14,1,1,0,0,0,0,legitimate
32,24,2,1,0,0,0,0,legitimate
18,10,0,1,0,0,0,0,legitimate
28,20,1,1,0,1,0,0,legitimate
27,19,1,1,0,0,0,0,legitimate
27,19,1,1,0,0,0,0,legitimate
28,20,2,1,0,1,1,0,legitimate
45,37,5,1,0,0,3,0,legitimate
28,20,2,1,0,0,0,0,legitimate
46,38,3,1,0,0,0,0,legitimate
34,26,1,1,0,1,0,0,legitimate
32,24,1,1,0,0,0,0,legitimate
29,21,3,1,0,0,0,0,legitimate
39,31,1,1,0,1,0,0,legitimate
22,14,1,1,0,0,0,0,legitimate
22,14,1,1,0,0,0,0,legitimate
36,28,3,1,0,1,0,0,legitimate
31,23,2,1,0,1,0,0,legitimate
39,31,2,1,0,0,0,0,legitimate
47,39,4,1,0,0,0,0,legitimate
37,29,2,1,0,0,0,0,legitimate
27,19,1,1,0,1,0,0,legitimate
21,13,0,1,0,1,0,0,legitimate
18,10,0,1,0,0,0,0,legitimate
32,24,0,1,0,1,0,0,legitimate
22,14,0,1,0,0,0,0,legitimate
42,34,1,1,0,1,0,0,legitimate
20,12,0,1,0,0,0,0,legitimate
21,13,1,1,0,0,0,0,legitimate
24,16,1,1,0,0,1,0,legitimate
34,26,1,1,0,0,0,0,legitimate
14,6,0,1,0,0,0,0,legitimate
24,16,1,1,0,0,0,0,legitimate
33,25,2,1,0,0,4,0,legitimate
45,37,5,1,0,0,3,0,legitimate
29,21,2,1,0,1,0,0,legitimate
16,8,0,1,0,0,0,0,legitimate
14,6,0,1,0,0,0,0,legitimate
19,11,1,1,0,0,0,0,legitimate
19,11,1,1,0,0,0,0,legitimate
32,24,1,1,0,2,0,0,legitimate
45,37,5,1,0,0,3,0,legitimate
31,23,1,1,0,0,0,0,legitimate
22,14,1,1,0,1,0,0,legitimate
17,9,0,1,0,0,0,0,legitimate
27,19,2,1,0,0,0,0,legitimate
45,37,1,1,0,1,0,0,legitimate
37,29,1,1,0,0,0,0,legitimate
22,14,1,1,0,0,0,0,legitimate
33,25,1,1,0,0,0,0,legitimate
20,12,0,1,0,0,2,0,legitimate
43,35,1,1,0,2,0,0,legitimate
22,14,1,1,0,0,1,0,legitimate
33,25,1,1,0,0,1,0,legitimate
15,7,0,1,0,0,0,0,legitimate
40,32,1,1,0,3,2,0,legitimate
24,16,1,1,1,0,0,0,legitimate
45,37,5,1,0,0,3,0,legitimate
28,20,2,1,0,0,0,0,legitimate
23,15,1,1,0,0,0,0,legitimate
38,30,3,1,0,0,0,0,legitimate
17,9,1,1,0,0,0,0,legitimate
42,34,3,1,0,0,0,0,legitimate
32,24,1,1,0,1,0,0,legitimate
45,37,5,1,0,0,3,0,legitimate
14,6,0,1,0,0,0,0,legitimate
15,7,0,1,0,0,0,0,legitimate
23,15,1,1,0,0,0,0,legitimate
24,16,1,1,0,0,0,0,legitimate
20,12,1,1,0,0,0,0,legitimate
19,11,0,1,0,0,0,0,legitimate
33,25,1,1,0,0,1,0,legitimate
20,12,0,1,0,0,0,0,legitimate
42,34,1,1,0,1,0,0,legitimate
35,27,1,1,0,0,0,0,legitimate
16,8,0,1,0,0,0,0,legitimate
23,15,1,1,0,0,0,0,legitimate
19,11,0,1,0,0,0,0,legitimate
18,10,0,1,0,0,0,0,legitimate
23,15,0,1,0,0,0,0,legitimate
26,18,1,1,0,0,0,0,legitimate
38,30,2,1,0,0,0,0,legitimate
46,38,4,1,0,3,1,0,legitimate
27,19,1,1,0,0,0,0,legitimate
24,16,1,1,0,0,0,0,legitimate
19,11,1,1,0,0,0,0,legitimate
45,37,5,1,0,0,3,0,legitimate
24,16,1,1,0,0,0,0,legitimate
33,25,2,1,0,0,0,0,legitimate
22,14,0,1,0,0,0,0,legitimate
28,20,1,1,0,0,3,0,legitimate
45,37,3,1,0,0,0,0,legitimate
26,18,1,1,0,0,0,0,legitimate
27,19,2,1,0,0,0,0,legitimate
26,18,1,1,0,1,1,0,legitimate
19,11,0,1,0,0,0,0,legitimate
17,9,0,1,0,0,2,0,legitimate
26,18,1,1,0,0,0,0,legitimate
26,18,2,1,0,0,0,0,legitimate
45,37,5,1,0,0,3,0,legitimate
23,15,1,1,0,0,0,0,legitimate
30,22,1,1,0,0,0,0,legitimate
18,10,0,1,0,0,0,0,legitimate
40,32,3,1,0,0,1,0,legitimate
23,15,1,1,0,0,0,0,legitimate
28,20,2,1,0,0,0,0,legitimate
30,22,1,1,0,0,0,0,legitimate
16,8,0,1,0,0,0,0,legitimate
49,41,2,1,0,3,0,0,legitimate
39,31,3,1,0,0,0,0,legitimate
24,16,1,1,0,1,1,0,legitimate
45,37,5,1,0,0,3,0,legitimate
31,23,1,1,0,2,2,0,legitimate
21,13,1,1,0,0,0,0,legitimate
18,10,0,1,0,0,0,0,legitimate
16,8,0,1,0,0,0,0,legitimate
51,43,3,1,0,3,1,0,legitimate
43,35,4,1,0,0,1,0,legitimate
24,16,1,1,0,0,0,0,legitimate
32,24,1,1,0,0,0,0,legitimate
16,8,0,1,0,0,0,0,legitimate
27,19,1,1,0,0,0,0,legitimate
31,23,2,1,0,0,0,0,legitimate
22,14,1,1,0,0,0,0,legitimate
31,23,2,1,0,0,0,0,legitimate
22,14,1,1,0,0,0,0,legitimate
45,37,3,1,0,0,1,0,legitimate
35,27,2,1,0,1,0,0,legitimate
32,24,3,1,0,0,0,0,legitimate
26,18,0,1,0,0,1,0,legitimate
28,20,1,1,0,0,0,0,legitimate
18,10,0,1,0,0,0,0,legitimate
27,19,2,1,0,0,0,0,legitimate
42,34,2,1,0,1,0,0,legitimate
16,8,0,1,0,0,0,0,legitimate
32,24,2,1,0,1,0,0,legitimate
20,12,1,1,0,0,0,0,legitimate
21,13,0,1,0,0,0,0,legitimate
42,34,1,1,0,1,0,0,legitimate
27,19,1,1,1,0,0,0,legitimate
18,10,1,1,0,0,0,0,legitimate
30,22,1,1,0,0,0,0,legitimate
26,18,1,1,0,0,1,0,legitimate
29,21,2,1,0,0,4,0,legitimate
34,26,2,1,0,0,0,0,legitimate
25,17,1,1,0,0,0,0,legitimate
23,15,1,1,0,1,0,0,legitimate
37,29,2,1,0,0,0,0,legitimate
37,29,1,1,0,0,0,0,legitimate
18,10,0,1,0,0,0,0,legitimate
45,37,3,1,0,0,0,0,legitimate
45,37,5,1,0,0,3,0,legitimate
21,13,0,1,0,0,0,0,legitimate
28,20,2,1,0,0,0,0,legitimate
23,15,1,1,0,0,0,0,legitimate
45,37,5,1,0,0,3,0,legitimate
36,28,1,1,0,3,2,0,legitimate
17,9,0,1,0,0,0,0,legitimate
29,21,0,1,0,2,0,0,legitimate
24,16,1,1,0,0,0,0,legitimate
25,17,0,1,0,2,0,0,legitimate
30,22,2,1,0,1,2,0,legitimate
24,16,1,1,0,0,0,0,legitimate
24,16,0,1,0,1,0,0,legitimate
39,31,2,1,0,2,1,0,legitimate
45,37,5,1,0,0,3,0,legitimate
40,32,3,1,0,0,0,0,legitimate
30,22,3,1,0,0,1,0,legitimate
21,13,1,1,0,0,0,0,legitimate
24,16,1,1,0,0,0,0,legitimate
31,23,2,1,1,0,0,0,legitimate
32,24,1,1,0,3,4,0,legitimate
25,17,1,1,0,1,0,0,legitimate
36,28,2,1,0,0,0,0,legitimate
51,43,1,1,0,3,1,0,legitimate
32,24,1,1,0,1,0,0,legitimate
31,23,1,1,0,0,0,0,legitimate
22,14,0,1,0,0,0,0,legitimate
26,18,1,1,0,0,1,0,legitimate
23,15,1,1,0,0,0,0,legitimate
19,11,0,1,0,0,0,0,legitimate
35,27,2,1,0,2,0,0,legitimate
36,28,2,1,0,0,0,0,legitimate
31,23,1,1,0,1,0,0,legitimate
21,13,0,1,0,1,0,0,legitimate
44,36,3,1,0,0,0,0,legitimate
36,28,2,1,0,0,0,0,legitimate
31,23,0,1,0,0,0,0,legitimate
22,14,1,1,0,0,0,0,legitimate
34,26,2,1,0,0,0,0,legitimate
34,26,1,1,0,1,0,0,legitimate
19,11,0,1,0,0,0,0,legitimate
22,14,0,1,0,0,0,0,legitimate
32,24,2,1,0,1,1,0,legitimate
26,18,1,1,0,0,0,0,legitimate
30,22,1,1,0,0,0,0,legitimate
26,18,2,1,0,0,0,0,legitimate
31,23,2,1,0,1,0,0,legitimate
19,11,0,1,0,0,0,0,legitimate
22,14,2,1,0,0,1,0,legitimate
24,16,0,1,0,0,0,0,legitimate
23,15,1,1,0,0,0,0,legitimate
20,12,0,1,0,0,0,0,legitimate
40,32,3,1,0,1,2,0,legitimate
23,15,1,1,0,0,2,0,legitimate
45,37,5,1,0,0,3,0,legitimate
21,13,1,1,0,0,0,0,legitimate
22,14,0,1,0,0,0,0,legitimate
26,18,1,1,0,0,0,0,legitimate
29,21,1,1,0,0,0,0,legitimate
31,23,2,1,0,0,0,0,legitimate
39,31,2,1,0,0,0,0,legitimate
32,24,4,1,0,0,0,0,legitimate
36,28,5,1,0,0,0,0,legitimate
31,23,1,1,0,0,0,0,legitimate
26,18,1,1,0,0,0,0,legitimate
36,28,2,1,0,1,0,0,legitimate
45,37,5,1,0,0,3,0,legitimate
19,11,0,1,0,0,0,0,legitimate
25,17,1,1,0,0,0,0,legitimate
19,11,0,1,0,0,0,0,legitimate
45,37,5,1,0,0,3,0,legitimate
21,13,1,1,0,0,0,0,legitimate
34,26,1,1,0,0,0,0,legitimate
22,14,0,1,0,1,0,0,legitimate
24,16,1,1,0,0,0,0,legitimate
25,17,1,1,0,0,0,0,legitimate
17,9,0,1,0,0,0,0,legitimate
25,17,1,1,0,0,2,0,legitimate
18,10,0,1,0,0,0,0,legitimate
21,13,0,1,0,0,0,0,legitimate
30,22,3,1,0,0,1,0,legitimate
23,15,1,1,0,0,0,0,legitimate
37,29,2,1,0,0,0,0,legitimate
39,31,1,1,0,3,0,0,legitimate
26,18,1,1,0,1,0,0,legitimate
24,16,0,1,0,0,0,0,legitimate
55,47,3,1,0,5,0,0,legitimate
26,18,1,1,0,0,1,0,legitimate
40,32,2,1,0,0,0,0,legitimate
39,31,1,1,0,2,3,0,legitimate
24,16,1,1,0,0,0,0,legitimate
23,15,1,1,0,0,3,0,legitimate
32,24,1,1,0,0,0,0,legitimate
42,34,2,1,0,3,5,0,legitimate
33,25,1,1,0,0,0,0,legitimate
28,20,1,1,0,0,0,0,legitimate
45,37,5,1,0,0,3,0,legitimate
45,37,5,1,0,0,3,0,legitimate
20,12,0,1,0,0,0,0,legitimate
23,15,1,1,0,0,0,0,legitimate
25,17,1,1,0,0,0,0,legitimate
18,10,0,1,0,0,0,0,legitimate
24,16,1,1,0,0,1,0,legitimate
26,18,1,1,0,0,0,0,legitimate
17,9,0,1,0,0,0,0,legitimate
45,37,5,1,0,0,3,0,legitimate
19,11,0,1,0,0,0,0,legitimate
19,11,0,1,0,0,0,0,legitimate
23,15,1,1,0,0,0,0,legitimate
36,28,0,1,0,0,0,0,legitimate
25,17,1,1,0,0,0,0,legitimate
39,31,1,1,0,0,0,0,legitimate
41,33,1,1,0,1,0,0,legitimate
30,22,1,1,0,0,0,0,legitimate
25,17,0,1,0,0,0,0,legitimate
17,9,0,1,0,0,0,0,legitimate
26,18,1,1,0,0,0,0,legitimate
32,24,2,1,0,0,0,0,legitimate
35,27,2,1,0,0,2,0,legitimate
21,13,1,1,0,0,0,0,legitimate
33,25,2,1,0,0,0,0,legitimate
15,7,0,1,0,0,0,0,legitimate
40,32,1,1,0,3,2,0,legitimate
43,35,5,1,0,0,1,0,legitimate
45,37,5,1,0,0,3,0,legitimate
42,34,3,1,0,0,2,0,legitimate
27,19,2,1,0,0,0,0,legitimate
37,29,3,1,0,1,0,0,legitimate
45,37,1,1,0,2,0,0,legitimate
45,37,5,1,0,0,3,0,legitimate
33,25,2,1,0,0,0,0,legitimate
21,13,1,1,0,0,1,0,legitimate
17,9,0,1,0,0,0,0,legitimate
35,27,3,1,0,0,0,0,legitimate
17,9,1,1,0,0,0,0,legitimate
27,19,1,1,0,0,1,0,legitimate
16,8,0,1,0,1,0,0,legitimate
27,19,1,1,0,0,0,0,legitimate
29,21,2,1,0,0,0,0,legitimate
31,23,1,1,0,0,0,0,legitimate
23,15,1,1,0,0,0,0,legitimate
21,13,1,1,0,0,1,0,legitimate
38,30,2,1,0,1,0,0,legitimate
21,13,1,1,0,0,1,0,legitimate
53,45,4,1,0,1,2,0,legitimate
35,27,1,1,0,2,0,0,legitimate
22,14,1,1,0,0,0,0,legitimate
19,11,0,1,0,0,0,0,legitimate
35,27,1,1,0,1,0,0,legitimate
19,11,0,1,0,0,0,0,legitimate
21,13,1,1,0,0,0,0,legitimate
20,12,1,1,0,0,0,0,legitimate
45,37,5,1,0,0,3,0,legitimate
47,39,3,1,0,3,2,0,legitimate
23,15,1,1,0,0,0,0,legitimate
20,12,1,1,0,0,0,0,legitimate
38,30,1,1,0,2,0,0,legitimate
37,29,2,1,0,2,3,0,legitimate
22,14,1,1,0,0,0,0,legitimate
25,17,1,1,0,0,0,0,legitimate
29,21,2,1,0,0,0,0,legitimate
21,13,0,1,0,0,0,0,legitimate
26,18,1,1,0,0,1,0,legitimate
29,21,1,1,0,0,0,0,legitimate
38,30,3,1,0,0,0,0,legitimate
23,15,0,1,0,0,0,0,legitimate
18,10,0,1,0,0,0,0,legitimate
22,14,1,1,0,0,0,0,legitimate
22,14,0,1,0,0,0,0,legitimate
24,16,0,1,0,0,0,0,legitimate
28,20,1,1,0,0,0,0,legitimate
23,15,1,1,0,0,0,0,legitimate
24,16,1,1,0,0,4,0,legitimate
27,19,2,1,0,0,0,0,legitimate
42,34,1,1,0,0,0,0,legitimate
27,19,1,1,0,0,1,0,legitimate
45,37,1,1,1,1,0,0,legitimate
24,16,1,1,0,0,0,0,legitimate
62,54,1,1,0,5,0,0,legitimate
35,27,2,1,0,1,3,0,legitimate
20,12,0,1,0,0,0,0,legitimate
30,22,1,1,0,1,2,0,legitimate
20,12,0,1,0,0,0,0,legitimate
23,15,2,1,0,0,0,0,legitimate
22,14,0,1,0,0,0,0,legitimate
30,22,1,1,0,1,2,0,legitimate
33,25,1,1,0,0,0,0,legitimate
44,36,2,1,0,0,0,0,legitimate
22,14,1,1,0,0,0,0,legitimate
37,29,1,1,0,0,0,0,legitimate
45,37,5,1,0,0,3,0,legitimate
33,25,2,1,0,0,0,0,legitimate
32,24,1,1,0,1,0,0,legitimate
36,28,2,1,0,0,1,0,legitimate
27,19,2,1,0,0,5,0,legitimate
25,17,1,1,0,0,0,0,legitimate
32,24,2,1,0,0,0,0,legitimate
25,17,0,1,0,3,2,0,legitimate
19,11,1,1,0,0,0,0,legitimate
34,26,2,1,0,0,0,0,legitimate
20,12,1,1,0,0,0,0,legitimate
20,12,0,1,0,0,0,0,legitimate
28,20,1,1,0,0,0,0,legitimate
28,20,1,1,0,0,0,0,legitimate
33,25,1,1,0,0,0,0,legitimate
38,30,3,1,0,0,0,0,legitimate
19,11,1,1,0,0,0,0,legitimate
35,27,1,1,0,1,0,0,legitimate
26,18,1,1,0,0,0,0,legitimate
25,17,1,1,0,0,1,0,legitimate
26,18,1,1,0,0,0,0,legitimate
37,29,2,1,0,0,0,0,legitimate
45,37,5,1,0,0,3,0,legitimate
29,21,1,1,1,0,0,0,legitimate
39,31,2,1,0,2,0,0,legitimate
24,16,0,1,0,0,0,0,legitimate
33,25,1,1,0,0,0,0,legitimate
30,22,1,1,0,0,0,0,legitimate
23,15,1,1,0,0,0,0,legitimate
25,17,2,1,0,1,0,0,legitimate
26,18,1,1,0,1,0,0,legitimate
19,11,0,1,0,0,0,0,legitimate
24,16,1,1,0,1,0,0,legitimate
24,16,1,1,0,0,0,0,legitimate
31,23,2,1,0,1,1,0,legitimate
28,20,1,1,0,3,2,0,legitimate
26,18,1,1,1,0,1,0,legitimate
32,24,2,1,0,0,7,0,legitimate
29,21,2,1,0,0,0,0,legitimate
40,32,2,1,0,0,0,0,legitimate
29,21,2,1,0,0,0,0,legitimate
45,37,5,1,0,0,3,0,legitimate
23,15,2,1,0,0,0,0,legitimate
26,18,1,1,0,0,0,0,legitimate
42,34,4,1,0,0,1,0,legitimate
21,13,0,1,0,0,0,0,legitimate
26,18,1,1,0,0,0,0,legitimate
32,24,1,1,0,1,0,0,legitimate
40,32,1,1,0,1,0,0,legitimate
20,12,0,1,0,0,0,0,legitimate
35,27,3,1,0,0,0,0,legitimate
21,13,0,1,0,0,0,0,legitimate
21,13,0,1,0,0,0,0,legitimate
21,13,1,1,0,0,0,0,legitimate
27,19,1,1,0,0,1,0,legitimate
20,12,0,1,0,1,0,0,legitimate
20,12,1,1,0,0,0,0,legitimate
22,14,0,1,0,0,0,0,legitimate
27,19,1,1,0,2,4,0,legitimate
43,35,1,1,0,1,0,0,legitimate
33,25,1,1,0,1,1,0,legitimate
28,20,2,1,0,0,0,0,legitimate
45,37,5,1,0,0,3,0,legitimate
20,12,1,1,0,0,0,0,legitimate
45,37,5,1,0,0,3,0,legitimate
34,26,3,1,0,0,0,0,legitimate
37,29,4,1,0,0,1,0,legitimate
29,21,3,1,0,0,1,0,legitimate
20,12,0,1,0,0,0,0,legitimate
17,9,0,1,0,0,0,0,legitimate
18,10,0,1,0,0,0,0,legitimate
22,14,1,1,0,0,0,0,legitimate
44,36,3,1,0,3,0,0,legitimate
15,7,0,1,0,0,0,0,legitimate
37,29,1,1,0,3,3,0,legitimate
33,25,2,1,0,0,0,0,legitimate
25,17,1,1,0,0,0,0,legitimate
32,24,1,1,0,1,2,0,legitimate
24,16,1,1,0,0,0,0,legitimate
20,12,1,1,0,0,0,0,legitimate
31,23,1,1,0,0,0,0,legitimate
45,37,5,1,0,0,3,0,legitimate
23,15,1,1,0,0,0,0,legitimate
21,13,0,1,0,0,0,0,legitimate
28,20,1,1,0,0,0,0,legitimate
45,37,5,1,0,0,3,0,legitimate
18,10,0,1,0,0,0,0,legitimate
27,19,1,1,0,0,0,0,legitimate
23,15,0,1,0,0,0,0,legitimate
24,16,1,1,0,0,0,0,legitimate
35,27,2,1,0,0,0,0,legitimate
21,13,1,1,0,0,0,0,legitimate
12,4,0,1,0,0,0,0,legitimate
33,25,1,1,0,0,0,0,legitimate
37,29,2,1,0,0,0,0,legitimate
28,20,1,1,0,0,1,0,legitimate
39,31,1,1,0,2,0,0,legitimate
36,28,1,1,0,1,0,0,legitimate
53,45,3,1,0,3,0,0,legitimate
29,21,2,1,0,0,0,0,legitimate
30,22,1,1,0,0,0,0,legitimate
26,18,1,1,0,0,0,0,legitimate
21,13,0,1,0,0,0,0,legitimate
21,13,0,1,0,1,0,0,legitimate
45,37,1,1,0,1,0,0,legitimate
37,29,1,1,0,3,3,0,legitimate
20,12,0,1,0,0,0,0,legitimate
36,28,3,1,0,1,0,0,legitimate
25,17,1,1,0,0,0,0,legitimate
18,10,0,1,0,0,0,0,legitimate
31,23,1,1,0,0,0,0,legitimate
35,27,2,1,0,0,0,0,legitimate
37,29,2,1,0,1,0,0,legitimate
54,46,3,1,0,4,1,0,legitimate
22,14,1,1,0,0,0,0,legitimate
17,9,0,1,0,0,0,0,legitimate
17,9,0,1,0,0,0,0,legitimate
23,15,0,1,0,0,0,0,legitimate
17,9,0,1,0,0,0,0,legitimate
34,26,1,1,1,0,0,0,legitimate
40,32,1,1,0,1,0,0,legitimate
33,25,1,1,0,0,0,0,legitimate
24,16,1,1,0,0,0,0,legitimate
23,15,0,1,0,0,0,0,legitimate
22,14,1,1,0,0,0,0,legitimate
19,11,0,1,0,0,0,0,legitimate
21,13,0,1,0,0,0,0,legitimate
42,34,1,1,0,1,0,0,legitimate
22,14,1,1,0,0,1,0,legitimate
27,19,1,1,0,1,0,0,legitimate
37,29,1,1,0,2,0,0,legitimate
25,17,2,1,0,1,0,0,legitimate
35,27,1,1,0,1,0,0,legitimate
19,11,0,1,0,0,0,0,legitimate
37,29,3,1,0,0,0,0,legitimate
24,16,1,1,0,0,0,0,legitimate
33,25,3,1,0,0,0,0,legitimate
27,19,1,1,0,0,0,0,legitimate
29,21,1,1,0,1,0,0,legitimate
17,9,0,1,0,0,0,0,legitimate
24,16,0,1,0,0,0,0,legitimate
47,39,1,1,0,0,0,0,legitimate
23,15,0,1,0,0,0,0,legitimate
31,23,2,1,0,0,1,0,legitimate
23,15,0,1,0,0,0,0,legitimate
41,33,3,1,0,0,0,0,legitimate
25,17,2,1,0,0,0,0,legitimate
30,22,3,1,0,0,0,0,legitimate
35,27,1,1,0,1,0,0,legitimate
45,37,5,1,0,0,3,0,legitimate
35,27,1,1,0,0,0,0,legitimate
49,41,3,1,0,2,0,0,legitimate
49,41,1,1,0,3,0,0,legitimate
35,27,1,1,0,0,0,0,legitimate
45,37,5,1,0,0,3,0,legitimate
45,37,5,1,0,0,3,0,legitimate
20,12,0,1,0,0,0,0,legitimate
23,15,1,1,0,0,0,0,legitimate
42,34,1,1,0,3,2,0,legitimate
18,10,0,1,0,0,0,0,legitimate
42,34,1,1,0,4,4,0,legitimate
21,13,1,1,0,0,0,0,legitimate
34,26,3,1,0,0,0,0,legitimate
20,12,1,1,0,0,0,0,legitimate
27,19,1,1,0,1,0,0,legitimate
32,24,2,1,0,1,1,0,legitimate
36,28,1,1,0,2,1,0,legitimate
24,16,1,1,0,0,0,0,legitimate
40,32,2,1,0,2,1,0,legitimate
35,27,2,1,0,0,0,0,legitimate
40,32,1,1,0,2,0,0,legitimate
30,22,2,1,0,0,0,0,legitimate
23,15,1,1,0,1,0,0,legitimate
25,17,2,1,0,0,0,0,legitimate
31,23,1,1,0,2,1,0,legitimate
46,38,3,1,0,3,0,0,legitimate
48,40,3,1,0,2,0,0,legitimate
39,31,3,1,0,0,0,0,legitimate
23,15,0,1,0,0,0,0,legitimate
45,37,5,1,0,0,3,0,legitimate
25,17,2,1,0,0,0,0,legitimate
30,22,3,1,0,0,0,0,legitimate
29,21,1,1,0,0,0,0,legitimate
38,30,3,1,0,0,3,0,legitimate
19,11,1,1,0,0,0,0,legitimate
38,30,2,1,0,0,0,0,legitimate
35,27,2,1,0,2,1,0,legitimate
21,13,1,1,0,0,2,0,legitimate
32,24,1,1,0,0,0,0,legitimate
14,6,0,1,0,0,0,0,legitimate
28,20,1,1,0,0,0,0,legitimate
37,29,1,1,0,3,3,0,legitimate
33,25,1,1,0,0,0,0,legitimate
20,12,1,1,0,0,0,0,legitimate
17,9,0,1,0,0,0,0,legitimate
45,37,5,1,0,0,3,0,legitimate
35,27,2,1,0,0,2,0,legitimate
26,18,1,1,0,0,0,0,legitimate
42,34,1,1,0,4,4,0,legitimate
17,9,0,1,0,0,0,0,legitimate
28,20,1,1,0,0,0,0,legitimate
21,13,1,1,0,0,0,0,legitimate
29,21,2,1,0,0,0,0,legitimate
45,37,5,1,0,0,3,0,legitimate
29,21,1,1,1,1,0,0,legitimate
42,34,3,1,0,0,2,0,legitimate
26,18,1,1,0,0,0,0,legitimate
24,16,1,1,0,0,0,0,legitimate
36,28,1,1,0,2,1,0,legitimate
31,23,1,1,0,0,0,0,legitimate
25,17,0,1,0,1,0,0,legitimate
40,32,2,1,0,0,0,0,legitimate
23,15,0,1,0,0,0,0,legitimate
23,15,1,1,0,0,0,0,legitimate
25,17,2,1,0,0,0,0,legitimate
40,32,3,1,0,0,0,0,legitimate
30,22,1,1,0,0,0,0,legitimate
19,11,1,1,0,0,0,0,legitimate
27,19,2,1,0,0,0,0,legitimate
35,27,3,1,0,0,0,0,legitimate
35,27,2,1,0,0,2,0,legitimate
18,10,1,1,0,0,0,0,legitimate
49,41,3,1,0,2,0,0,legitimate
26,18,1,1,0,0,0,0,legitimate
45,37,5,1,0,0,3,0,legitimate
40,32,4,1,0,0,0,0,legitimate
44,36,5,1,0,0,0,0,legitimate
22,14,0,1,0,0,0,0,legitimate
23,15,1,1,0,0,0,0,legitimate
31,23,2,1,0,1,0,0,legitimate
29,21,3,1,0,0,1,0,legitimate
24,16,1,1,0,0,0,0,legitimate
47,39,4,1,0,2,3,0,legitimate
37,29,1,1,0,3,3,0,legitimate
37,29,1,1,0,3,3,0,legitimate
37,29,1,1,0,1,0,0,legitimate
22,14,0,1,0,1,0,0,legitimate
42,34,3,1,0,0,2,0,legitimate
28,20,1,1,0,0,0,0,legitimate
21,13,1,1,0,0,0,0,legitimate
21,13,0,1,0,0,0,0,legitimate
31,23,2,1,0,1,0,0,legitimate
24,16,0,1,0,0,0,0,legitimate
35,27,2,1,0,1,0,0,legitimate
31,23,2,1,0,0,0,0,legitimate
45,37,5,1,0,0,3,0,legitimate
28,20,2,1,0,0,0,0,legitimate
29,21,1,1,0,0,3,0,legitimate
45,37,5,1,0,0,3,0,legitimate
31,23,1,1,0,1,0,0,legitimate
40,32,2,1,0,0,0,0,legitimate
29,21,3,1,0,0,1,0,legitimate
24,16,1,1,0,0,0,0,legitimate
17,9,0,1,0,0,0,0,legitimate
23,15,0,1,0,0,0,0,legitimate
32,24,1,1,0,0,0,0,legitimate
24,16,0,1,0,0,0,0,legitimate
26,18,1,1,0,0,0,0,legitimate
35,27,2,1,0,0,0,0,legitimate
45,37,5,1,0,0,3,0,legitimate
20,12,0,1,0,0,0,0,legitimate
42,34,1,1,0,4,4,0,legitimate
40,32,1,1,0,1,0,0,legitimate
24,16,1,1,0,0,0,0,legitimate
58,50,2,1,0,4,5,0,legitimate
32,24,1,1,0,0,0,0,legitimate
40,32,2,1,0,2,0,0,legitimate
40,32,1,1,0,2,2,0,legitimate
24,16,1,1,0,0,0,0,legitimate
20,12,0,1,0,0,0,0,legitimate
22,14,0,1,0,0,0,0,legitimate
22,14,0,1,0,0,0,0,legitimate
35,27,2,1,0,2,1,0,legitimate
19,11,0,1,0,0,0,0,legitimate
39,31,2,1,0,1,1,0,legitimate
27,19,1,1,0,1,0,0,legitimate
20,12,1,1,0,0,1,0,legitimate
41,33,2,1,0,3,0,0,legitimate
20,12,1,1,0,0,0,0,legitimate
21,13,0,1,0,0,0,0,legitimate
24,16,1,1,0,1,2,0,legitimate
22,14,2,1,0,0,1,0,legitimate
33,25,1,1,0,2,2,0,legitimate
33,25,1,1,0,0,1,0,legitimate
29,21,1,1,0,1,0,0,legitimate
25,17,2,1,0,0,0,0,legitimate
23,15,1,1,0,0,0,0,legitimate
27,19,1,1,0,0,1,0,legitimate
18,10,0,1,0,0,0,0,legitimate
28,20,1,1,1,0,0,0,legitimate
34,26,2,1,0,1,0,0,legitimate
27,19,1,1,0,0,1,0,legitimate
24,16,1,1,0,0,1,0,legitimate
24,16,1,1,0,0,1,0,legitimate
20,12,0,1,0,0,0,0,legitimate
34,26,2,1,0,0,1,0,legitimate
19,11,0,1,0,0,0,0,legitimate
28,20,1,1,0,1,2,0,legitimate
45,37,5,1,0,0,3,0,legitimate
37,29,1,1,0,3,3,0,legitimate
29,21,1,1,0,0,1,0,legitimate
35,27,2,1,0,3,0,0,legitimate
23,15,1,1,0,0,0,0,legitimate
29,21,3,1,0,0,1,0,legitimate
26,18,1,1,0,0,0,0,legitimate
35,27,2,1,0,0,0,0,legitimate
29,21,1,1,0,2,4,0,legitimate
16,8,0,1,0,0,0,0,legitimate
39,31,1,1,0,2,0,0,legitimate
33,25,1,1,0,1,1,0,legitimate
28,20,1,1,0,0,0,0,legitimate
20,12,0,1,0,0,0,0,legitimate
45,37,5,1,0,0,3,0,legitimate
20,12,0,1,0,0,0,0,legitimate
70,62,4,1,0,3,0,0,legitimate
29,21,1,1,1,0,1,0,legitimate
22,14,0,1,1,0,0,0,legitimate
24,16,1,1,0,0,0,0,legitimate
39,31,1,1,0,2,3,0,legitimate
21,13,0,1,0,0,0,0,legitimate
18,10,0,1,0,0,0,0,legitimate
20,12,0,1,0,1,0,0,legitimate
29,21,1,1,0,0,0,0,legitimate
